,idnum,state,zip,region,typebldg,floor,room,basement,county,Uppm,log_radon
0,5081.0,MN,55735,5.0,1.0,1.0,3.0,N,AITKIN,0.502054,0.8329091229351040
1,5082.0,MN,55748,5.0,1.0,0.0,4.0,Y,AITKIN,0.502054,0.8329091229351040
2,5083.0,MN,55748,5.0,1.0,0.0,4.0,Y,AITKIN,0.502054,1.0986122886681100
3,5084.0,MN,56469,5.0,1.0,0.0,4.0,Y,AITKIN,0.502054,0.09531017980432490
4,5085.0,MN,55011,3.0,1.0,0.0,4.0,Y,ANOKA,0.428565,1.1631508098056800
5,5086.0,MN,55014,3.0,1.0,0.0,4.0,Y,ANOKA,0.428565,0.9555114450274360
6,5087.0,MN,55014,3.0,1.0,0.0,4.0,Y,ANOKA,0.428565,0.47000362924573600
7,5088.0,MN,55014,3.0,1.0,0.0,2.0,Y,ANOKA,0.428565,0.09531017980432490
8,5089.0,MN,55014,3.0,1.0,0.0,4.0,Y,ANOKA,0.428565,-0.22314355131421000
9,5090.0,MN,55014,3.0,1.0,0.0,4.0,Y,ANOKA,0.428565,0.26236426446749100
10,5091.0,MN,55014,3.0,1.0,0.0,4.0,Y,ANOKA,0.428565,0.26236426446749100
11,5092.0,MN,55014,3.0,1.0,0.0,4.0,Y,ANOKA,0.428565,0.336472236621213
12,5093.0,MN,55014,3.0,1.0,0.0,4.0,Y,ANOKA,0.428565,0.4054651081081640
13,5094.0,MN,55025,3.0,1.0,0.0,2.0,Y,ANOKA,0.428565,-0.6931471805599450
14,5095.0,MN,55025,3.0,0.0,0.0,0.0, ,ANOKA,0.428565,0.1823215567939550
15,5096.0,MN,55025,3.0,1.0,0.0,0.0,Y,ANOKA,0.428565,1.5260563034950500
16,5097.0,MN,55025,3.0,1.0,0.0,4.0,Y,ANOKA,0.428565,0.336472236621213
17,5098.0,MN,55025,3.0,1.0,0.0,4.0,Y,ANOKA,0.428565,0.7884573603642700
18,5099.0,MN,55038,3.0,1.0,0.0,4.0,Y,ANOKA,0.428565,1.791759469228060
19,5100.0,MN,55070,3.0,1.0,0.0,2.0,Y,ANOKA,0.428565,1.2237754316221200
20,5101.0,MN,55303,3.0,1.0,0.0,2.0,Y,ANOKA,0.428565,0.6418538861723950
21,5102.0,MN,55303,3.0,0.0,0.0,0.0, ,ANOKA,0.428565,1.7047480922384300
22,5103.0,MN,55303,3.0,1.0,0.0,4.0,Y,ANOKA,0.428565,1.856297990365630
23,5104.0,MN,55303,3.0,1.0,0.0,5.0,Y,ANOKA,0.428565,0.6931471805599450
24,5105.0,MN,55303,3.0,1.0,0.0,4.0,Y,ANOKA,0.428565,1.9021075263969200
25,5106.0,MN,55303,3.0,1.0,0.0,2.0,Y,ANOKA,0.428565,1.1631508098056800
26,5107.0,MN,55303,3.0,1.0,0.0,2.0,Y,ANOKA,0.428565,1.9315214116032100
27,5108.0,MN,55303,3.0,1.0,0.0,4.0,Y,ANOKA,0.428565,1.9600947840472700
28,5109.0,MN,55303,3.0,1.0,0.0,7.0,Y,ANOKA,0.428565,2.0541237336955500
29,5110.0,MN,55303,3.0,1.0,0.0,4.0,Y,ANOKA,0.428565,1.667706820558080
30,5111.0,MN,55303,3.0,1.0,0.0,2.0,Y,ANOKA,0.428565,1.5260563034950500
31,5112.0,MN,55303,3.0,1.0,0.0,2.0,Y,ANOKA,0.428565,1.5040773967762700
32,5113.0,MN,55303,3.0,1.0,0.0,2.0,Y,ANOKA,0.428565,1.0647107369924300
33,5114.0,MN,55303,3.0,1.0,0.0,4.0,Y,ANOKA,0.428565,2.1041341542702100
34,5115.0,MN,55303,3.0,0.0,0.0,0.0, ,ANOKA,0.428565,0.5306282510621710
35,5116.0,MN,55304,3.0,1.0,0.0,0.0,Y,ANOKA,0.428565,1.4586150226995200
36,5117.0,MN,55304,3.0,0.0,0.0,0.0, ,ANOKA,0.428565,1.7047480922384300
37,5118.0,MN,55304,3.0,1.0,0.0,2.0,Y,ANOKA,0.428565,1.410986973710260
38,5119.0,MN,55304,3.0,1.0,0.0,4.0,Y,ANOKA,0.428565,0.8754687373539000
39,5120.0,MN,55304,3.0,1.0,0.0,4.0,Y,ANOKA,0.428565,1.0986122886681100
40,5121.0,MN,55304,3.0,1.0,0.0,4.0,Y,ANOKA,0.428565,0.4054651081081640
41,5122.0,MN,55304,3.0,1.0,0.0,4.0,Y,ANOKA,0.428565,1.2237754316221200
42,5123.0,MN,55304,3.0,1.0,0.0,4.0,Y,ANOKA,0.428565,1.0986122886681100
43,5124.0,MN,55304,3.0,1.0,1.0,3.0,Y,ANOKA,0.428565,0.6418538861723950
44,5125.0,MN,55304,3.0,1.0,1.0,3.0,N,ANOKA,0.428565,-1.203972804325940
45,5126.0,MN,55421,3.0,1.0,0.0,2.0,Y,ANOKA,0.428565,0.9162907318741550
46,5127.0,MN,55421,3.0,5.0,1.0,3.0,N,ANOKA,0.428565,0.1823215567939550
47,5128.0,MN,55432,3.0,1.0,0.0,7.0,Y,ANOKA,0.428565,0.8329091229351040
48,5129.0,MN,55432,3.0,1.0,0.0,2.0,Y,ANOKA,0.428565,-0.35667494393873200
49,5130.0,MN,55432,3.0,1.0,0.0,4.0,Y,ANOKA,0.428565,0.5877866649021190
50,5131.0,MN,55433,3.0,0.0,0.0,0.0, ,ANOKA,0.428565,1.0986122886681100
51,5132.0,MN,55433,3.0,1.0,0.0,4.0,Y,ANOKA,0.428565,0.8329091229351040
52,5133.0,MN,55434,3.0,1.0,0.0,2.0,Y,ANOKA,0.428565,0.5877866649021190
53,5134.0,MN,55434,3.0,1.0,0.0,2.0,Y,ANOKA,0.428565,0.4054651081081640
54,5135.0,MN,55434,3.0,1.0,0.0,2.0,Y,ANOKA,0.428565,0.6931471805599450
55,5136.0,MN,55434,3.0,1.0,0.0,4.0,Y,ANOKA,0.428565,0.6418538861723950
56,5137.0,MN,56501,2.0,1.0,1.0,3.0,Y,BECKER,0.892741,0.26236426446749100
57,5138.0,MN,56501,2.0,1.0,0.0,2.0,Y,BECKER,0.892741,1.4816045409242200
58,5139.0,MN,56544,2.0,1.0,1.0,3.0,N,BECKER,0.892741,1.5260563034950500
59,5140.0,MN,56601,2.0,1.0,0.0,4.0,Y,BELTRAMI,0.5524720000000000,1.856297990365630
60,5141.0,MN,56601,2.0,1.0,0.0,2.0,Y,BELTRAMI,0.5524720000000000,1.5475625087160100
61,5142.0,MN,56601,2.0,1.0,0.0,4.0,Y,BELTRAMI,0.5524720000000000,1.7578579175523700
62,5143.0,MN,56647,2.0,1.0,1.0,3.0,Y,BELTRAMI,0.5524720000000000,0.8329091229351040
63,5144.0,MN,56676,2.0,1.0,1.0,3.0,N,BELTRAMI,0.5524720000000000,-0.6931471805599450
64,5145.0,MN,56683,2.0,1.0,1.0,1.0,N,BELTRAMI,0.5524720000000000,1.5475625087160100
65,5146.0,MN,56727,2.0,1.0,1.0,7.0,Y,BELTRAMI,0.5524720000000000,1.5040773967762700
66,5147.0,MN,56329,5.0,1.0,0.0,2.0,Y,BENTON,0.866849,1.9021075263969200
67,5148.0,MN,56379,5.0,1.0,0.0,4.0,Y,BENTON,0.866849,1.0296194171811600
68,5149.0,MN,56379,5.0,1.0,1.0,3.0,N,BENTON,0.866849,1.0986122886681100
69,5150.0,MN,56379,5.0,1.0,0.0,4.0,Y,BENTON,0.866849,1.0986122886681100
70,5151.0,MN,56225,5.0,1.0,0.0,4.0,Y,BIG STONE,1.47264,1.9878743481543500
71,5152.0,MN,56225,5.0,1.0,0.0,4.0,Y,BIG STONE,1.47264,1.62924053973028
72,5153.0,MN,56225,5.0,1.0,0.0,5.0,Y,BIG STONE,1.47264,0.9932517730102830
73,5154.0,MN,56001,4.0,1.0,0.0,7.0,Y,BLUE EARTH,1.31208,1.62924053973028
74,5155.0,MN,56001,4.0,1.0,0.0,4.0,Y,BLUE EARTH,1.31208,2.5726122302071100
75,5156.0,MN,56001,4.0,1.0,0.0,4.0,Y,BLUE EARTH,1.31208,1.9878743481543500
76,5157.0,MN,56001,4.0,1.0,0.0,4.0,Y,BLUE EARTH,1.31208,1.9315214116032100
77,5158.0,MN,56001,4.0,1.0,0.0,4.0,Y,BLUE EARTH,1.31208,2.5572273113676300
78,5159.0,MN,56001,4.0,2.0,1.0,3.0,Y,BLUE EARTH,1.31208,1.7749523509116700
79,5160.0,MN,56001,4.0,1.0,0.0,4.0,Y,BLUE EARTH,1.31208,2.2617630984737900
80,5161.0,MN,56001,4.0,1.0,0.0,7.0,Y,BLUE EARTH,1.31208,1.8082887711792700
81,5162.0,MN,56001,4.0,1.0,0.0,7.0,Y,BLUE EARTH,1.31208,1.3609765531356000
82,5163.0,MN,56001,4.0,1.0,1.0,3.0,Y,BLUE EARTH,1.31208,2.667228206581960
83,5164.0,MN,56010,4.0,1.0,0.0,4.0,Y,BLUE EARTH,1.31208,0.6418538861723950
84,5165.0,MN,56055,4.0,1.0,0.0,2.0,Y,BLUE EARTH,1.31208,1.9459101490553100
85,5166.0,MN,56055,4.0,1.0,0.0,0.0, ,BLUE EARTH,1.31208,1.5686159179138500
86,5167.0,MN,56055,4.0,1.0,0.0,4.0,Y,BLUE EARTH,1.31208,2.2617630984737900
87,5168.0,MN,56073,4.0,1.0,1.0,0.0,Y,BROWN,1.3199300000000000,0.9555114450274360
88,5169.0,MN,56073,4.0,1.0,0.0,4.0,Y,BROWN,1.3199300000000000,1.916922612182060
89,5170.0,MN,56073,4.0,1.0,1.0,3.0,Y,BROWN,1.3199300000000000,1.410986973710260
90,5171.0,MN,56073,4.0,1.0,0.0,2.0,Y,BROWN,1.3199300000000000,2.322387720290230
91,5172.0,MN,55720,5.0,1.0,0.0,1.0,Y,CARLTON,0.7172610000000000,0.8329091229351040
92,5173.0,MN,55720,5.0,1.0,0.0,0.0,Y,CARLTON,0.7172610000000000,0.6418538861723950
93,5174.0,MN,55720,5.0,1.0,0.0,2.0,Y,CARLTON,0.7172610000000000,1.252762968495370
94,5175.0,MN,55720,5.0,1.0,1.0,7.0,Y,CARLTON,0.7172610000000000,1.7404661748405000
95,5176.0,MN,55720,5.0,1.0,0.0,4.0,Y,CARLTON,0.7172610000000000,1.4816045409242200
96,5177.0,MN,55720,5.0,1.0,0.0,2.0,Y,CARLTON,0.7172610000000000,1.3862943611198900
97,5178.0,MN,55733,5.0,1.0,0.0,2.0,Y,CARLTON,0.7172610000000000,0.336472236621213
98,5179.0,MN,55733,5.0,1.0,0.0,2.0,Y,CARLTON,0.7172610000000000,1.4586150226995200
99,5180.0,MN,55757,5.0,1.0,0.0,4.0,Y,CARLTON,0.7172610000000000,-0.10536051565782600
100,5181.0,MN,55797,5.0,1.0,0.0,4.0,Y,CARLTON,0.7172610000000000,0.7419373447293770
101,5182.0,MN,55318,5.0,1.0,0.0,4.0,Y,CARVER,1.10061,0.5306282510621710
102,5183.0,MN,55318,5.0,1.0,0.0,4.0,Y,CARVER,1.10061,2.5649493574615400
103,5184.0,MN,55318,5.0,1.0,1.0,1.0,Y,CARVER,1.10061,2.6946271807700700
104,5185.0,MN,55368,5.0,1.0,1.0,7.0,Y,CARVER,1.10061,1.5686159179138500
105,5186.0,MN,55388,5.0,1.0,0.0,4.0,Y,CARVER,1.10061,2.272125885509340
106,5187.0,MN,55388,5.0,1.0,1.0,3.0,Y,CARVER,1.10061,-2.3025850929940500
107,5188.0,MN,56401,2.0,1.0,0.0,4.0,Y,CASS,0.544319,1.3350010667323400
108,5189.0,MN,56433,2.0,1.0,0.0,4.0,Y,CASS,0.544319,2.0149030205422600
109,5190.0,MN,56452,2.0,1.0,0.0,2.0,Y,CASS,0.544319,0.6931471805599450
110,5191.0,MN,56473,2.0,1.0,0.0,7.0,Y,CASS,0.544319,1.6863989535702300
111,5192.0,MN,56474,2.0,1.0,0.0,4.0,Y,CASS,0.544319,1.410986973710260
112,5193.0,MN,56222,5.0,1.0,0.0,2.0,Y,CHIPPEWA,1.3148,2.0541237336955500
113,5194.0,MN,56265,5.0,1.0,0.0,2.0,Y,CHIPPEWA,1.3148,0.4054651081081640
114,5195.0,MN,56265,5.0,1.0,0.0,2.0,Y,CHIPPEWA,1.3148,2.312535423847210
115,5196.0,MN,56265,5.0,1.0,0.0,4.0,Y,CHIPPEWA,1.3148,2.2512917986065000
116,5197.0,MN,55025,5.0,1.0,0.0,4.0,Y,CHISAGO,0.47935200000000000,-0.10536051565782600
117,5198.0,MN,55032,5.0,1.0,0.0,2.0,Y,CHISAGO,0.47935200000000000,1.5040773967762700
118,5199.0,MN,55045,5.0,1.0,0.0,4.0,Y,CHISAGO,0.47935200000000000,1.62924053973028
119,5200.0,MN,55045,5.0,1.0,0.0,2.0,Y,CHISAGO,0.47935200000000000,0.7884573603642700
120,5201.0,MN,55056,5.0,1.0,0.0,4.0,Y,CHISAGO,0.47935200000000000,0.5877866649021190
121,5202.0,MN,55092,5.0,1.0,0.0,2.0,Y,CHISAGO,0.47935200000000000,2.1041341542702100
122,5203.0,MN,56514,2.0,0.0,1.0,0.0, ,CLAY,1.4102700000000000,0.0
123,5204.0,MN,56514,2.0,1.0,0.0,2.0,Y,CLAY,1.4102700000000000,2.5649493574615400
124,5205.0,MN,56529,2.0,1.0,0.0,4.0,Y,CLAY,1.4102700000000000,0.9932517730102830
125,5206.0,MN,56547,2.0,1.0,1.0,3.0, ,CLAY,1.4102700000000000,1.2809338454620600
126,5207.0,MN,56549,2.0,1.0,0.0,4.0,Y,CLAY,1.4102700000000000,3.2846635654062000
127,5208.0,MN,56549,2.0,0.0,0.0,0.0, ,CLAY,1.4102700000000000,0.47000362924573600
128,5209.0,MN,56560,2.0,1.0,0.0,2.0,Y,CLAY,1.4102700000000000,2.5726122302071100
129,5210.0,MN,56560,2.0,1.0,0.0,4.0,Y,CLAY,1.4102700000000000,2.186051276738090
130,5211.0,MN,56560,2.0,1.0,0.0,4.0,Y,CLAY,1.4102700000000000,2.975529566236470
131,5212.0,MN,56560,2.0,1.0,1.0,3.0,N,CLAY,1.4102700000000000,0.9555114450274360
132,5213.0,MN,56560,2.0,1.0,0.0,2.0,Y,CLAY,1.4102700000000000,2.2082744135228000
133,5214.0,MN,56560,2.0,1.0,0.0,7.0,Y,CLAY,1.4102700000000000,2.580216829592330
134,5215.0,MN,56560,2.0,2.0,0.0,4.0,Y,CLAY,1.4102700000000000,1.308332819650180
135,5216.0,MN,56560,2.0,0.0,1.0,0.0, ,CLAY,1.4102700000000000,1.9459101490553100
136,5217.0,MN,56621,2.0,1.0,1.0,3.0,N,CLEARWATER,0.941896,1.5892352051165800
137,5218.0,MN,56621,2.0,1.0,0.0,4.0,Y,CLEARWATER,0.941896,1.252762968495370
138,5219.0,MN,56621,2.0,3.0,1.0,7.0,N,CLEARWATER,0.941896,0.0
139,5220.0,MN,56621,2.0,1.0,0.0,2.0,Y,CLEARWATER,0.941896,1.252762968495370
140,5221.0,MN,55612,1.0,1.0,0.0,4.0,Y,COOK,0.603508,1.0296194171811600
141,5222.0,MN,55615,1.0,1.0,0.0,4.0,Y,COOK,0.603508,0.4054651081081640
142,5223.0,MN,56101,5.0,1.0,0.0,4.0,Y,COTTONWOOD,1.4043300000000000,1.9315214116032100
143,5224.0,MN,56137,5.0,1.0,1.0,3.0,Y,COTTONWOOD,1.4043300000000000,2.4159137783010500
144,5225.0,MN,56174,5.0,1.0,1.0,3.0,Y,COTTONWOOD,1.4043300000000000,-2.3025850929940500
145,5226.0,MN,56183,5.0,1.0,1.0,3.0,Y,COTTONWOOD,1.4043300000000000,0.9555114450274360
146,5227.0,MN,56364,2.0,1.0,0.0,4.0,Y,CROW WING,0.5307890000000000,0.6418538861723950
147,5228.0,MN,56401,2.0,1.0,0.0,4.0,Y,CROW WING,0.5307890000000000,0.5306282510621710
148,5229.0,MN,56401,2.0,1.0,1.0,2.0, ,CROW WING,0.5307890000000000,0.09531017980432490
149,5230.0,MN,56401,2.0,1.0,0.0,1.0,Y,CROW WING,0.5307890000000000,0.0
150,5231.0,MN,56431,2.0,1.0,0.0,4.0,Y,CROW WING,0.5307890000000000,1.0986122886681100
151,5232.0,MN,56441,2.0,1.0,0.0,4.0,Y,CROW WING,0.5307890000000000,1.5040773967762700
152,5233.0,MN,56441,2.0,1.0,0.0,4.0,Y,CROW WING,0.5307890000000000,0.47000362924573600
153,5234.0,MN,56442,2.0,1.0,0.0,4.0,Y,CROW WING,0.5307890000000000,1.4350845252893200
154,5235.0,MN,56450,2.0,1.0,1.0,0.0,N,CROW WING,0.5307890000000000,0.9555114450274360
155,5236.0,MN,56468,2.0,1.0,1.0,3.0,Y,CROW WING,0.5307890000000000,1.916922612182060
156,5237.0,MN,56472,2.0,1.0,0.0,4.0,Y,CROW WING,0.5307890000000000,1.4816045409242200
157,5238.0,MN,56472,2.0,1.0,0.0,4.0,Y,CROW WING,0.5307890000000000,1.7227665977411000
158,5239.0,MN,55024,3.0,1.0,0.0,2.0,Y,DAKOTA,0.976144,1.308332819650180
159,5240.0,MN,55024,3.0,1.0,0.0,7.0,Y,DAKOTA,0.976144,1.0647107369924300
160,5241.0,MN,55024,3.0,1.0,0.0,4.0,Y,DAKOTA,0.976144,2.6878474937846900
161,5242.0,MN,55024,3.0,1.0,0.0,4.0,Y,DAKOTA,0.976144,1.916922612182060
162,5243.0,MN,55033,3.0,1.0,0.0,4.0,Y,DAKOTA,0.976144,2.0918640616783900
163,5244.0,MN,55033,3.0,1.0,0.0,0.0,Y,DAKOTA,0.976144,0.9932517730102830
164,5245.0,MN,55033,3.0,1.0,1.0,3.0,Y,DAKOTA,0.976144,1.0647107369924300
165,5246.0,MN,55033,3.0,1.0,0.0,2.0,Y,DAKOTA,0.976144,1.5040773967762700
166,5247.0,MN,55033,3.0,1.0,1.0,2.0, ,DAKOTA,0.976144,0.5877866649021190
167,5248.0,MN,55033,3.0,1.0,0.0,5.0,Y,DAKOTA,0.976144,0.7419373447293770
168,5249.0,MN,55033,3.0,1.0,0.0,4.0,Y,DAKOTA,0.976144,0.7419373447293770
169,5250.0,MN,55033,3.0,1.0,0.0,4.0,Y,DAKOTA,0.976144,0.47000362924573600
170,5251.0,MN,55033,3.0,1.0,0.0,4.0,Y,DAKOTA,0.976144,2.272125885509340
171,5252.0,MN,55033,3.0,2.0,0.0,4.0,Y,DAKOTA,0.976144,2.1041341542702100
172,5253.0,MN,55033,3.0,1.0,0.0,7.0,Y,DAKOTA,0.976144,1.2809338454620600
173,5254.0,MN,55044,3.0,5.0,1.0,3.0,N,DAKOTA,0.976144,-0.10536051565782600
174,5255.0,MN,55044,3.0,1.0,0.0,2.0,Y,DAKOTA,0.976144,1.6486586255873800
175,5256.0,MN,55044,3.0,1.0,0.0,4.0,Y,DAKOTA,0.976144,1.1939224684724300
176,5257.0,MN,55044,3.0,0.0,0.0,0.0, ,DAKOTA,0.976144,2.388762789235100
177,5258.0,MN,55057,3.0,1.0,0.0,4.0,Y,DAKOTA,0.976144,2.116255514802550
178,5259.0,MN,55057,3.0,1.0,0.0,4.0,Y,DAKOTA,0.976144,1.856297990365630
179,5260.0,MN,55068,3.0,1.0,0.0,2.0,Y,DAKOTA,0.976144,1.5892352051165800
180,5261.0,MN,55068,3.0,1.0,0.0,4.0,Y,DAKOTA,0.976144,1.8082887711792700
181,5262.0,MN,55068,3.0,1.0,0.0,1.0,Y,DAKOTA,0.976144,0.1823215567939550
182,5263.0,MN,55068,3.0,1.0,0.0,2.0,Y,DAKOTA,0.976144,2.1747517214841600
183,5264.0,MN,55068,3.0,1.0,0.0,1.0,Y,DAKOTA,0.976144,2.186051276738090
184,5265.0,MN,55075,3.0,1.0,0.0,2.0,Y,DAKOTA,0.976144,1.9315214116032100
185,5266.0,MN,55075,3.0,0.0,0.0,0.0, ,DAKOTA,0.976144,0.8754687373539000
186,5267.0,MN,55075,3.0,1.0,0.0,2.0,Y,DAKOTA,0.976144,0.5306282510621710
187,5268.0,MN,55075,3.0,1.0,0.0,2.0,Y,DAKOTA,0.976144,1.0647107369924300
188,5269.0,MN,55075,3.0,1.0,0.0,4.0,Y,DAKOTA,0.976144,1.8870696490323800
189,5270.0,MN,55075,3.0,1.0,0.0,4.0,Y,DAKOTA,0.976144,0.5877866649021190
190,5271.0,MN,55075,3.0,0.0,0.0,0.0, ,DAKOTA,0.976144,1.5475625087160100
191,5272.0,MN,55075,3.0,1.0,0.0,4.0,Y,DAKOTA,0.976144,1.2237754316221200
192,5273.0,MN,55075,3.0,1.0,0.0,2.0,Y,DAKOTA,0.976144,1.5040773967762700
193,5274.0,MN,55075,3.0,1.0,0.0,7.0,Y,DAKOTA,0.976144,3.0587070727153800
194,5275.0,MN,55075,3.0,1.0,0.0,2.0,Y,DAKOTA,0.976144,2.2192034840549900
195,5276.0,MN,55075,3.0,1.0,0.0,4.0,Y,DAKOTA,0.976144,0.0
196,5277.0,MN,55075,3.0,1.0,0.0,2.0,Y,DAKOTA,0.976144,1.6094379124341000
197,5278.0,MN,55075,3.0,1.0,0.0,2.0,Y,DAKOTA,0.976144,1.62924053973028
198,5279.0,MN,55075,3.0,1.0,0.0,2.0,Y,DAKOTA,0.976144,0.1823215567939550
199,5280.0,MN,55075,3.0,1.0,0.0,2.0,Y,DAKOTA,0.976144,2.0412203288596400
200,5281.0,MN,55075,3.0,2.0,0.0,1.0,Y,DAKOTA,0.976144,1.7047480922384300
201,5282.0,MN,55075,3.0,1.0,0.0,4.0, ,DAKOTA,0.976144,1.308332819650180
202,5283.0,MN,55075,3.0,1.0,0.0,4.0,Y,DAKOTA,0.976144,1.6094379124341000
203,5284.0,MN,55118,3.0,1.0,0.0,7.0,Y,DAKOTA,0.976144,1.5686159179138500
204,5285.0,MN,55122,3.0,1.0,0.0,1.0,Y,DAKOTA,0.976144,0.4054651081081640
205,5286.0,MN,55122,3.0,1.0,0.0,4.0,Y,DAKOTA,0.976144,1.252762968495370
206,5287.0,MN,55122,3.0,1.0,0.0,7.0,Y,DAKOTA,0.976144,1.4586150226995200
207,5288.0,MN,55122,3.0,1.0,0.0,1.0,Y,DAKOTA,0.976144,0.9555114450274360
208,5289.0,MN,55123,3.0,1.0,0.0,4.0,Y,DAKOTA,0.976144,0.4054651081081640
209,5290.0,MN,55123,3.0,1.0,0.0,4.0,Y,DAKOTA,0.976144,0.4054651081081640
210,5291.0,MN,55123,3.0,1.0,0.0,4.0,Y,DAKOTA,0.976144,0.6931471805599450
211,5292.0,MN,55124,3.0,1.0,0.0,2.0,N,DAKOTA,0.976144,1.5892352051165800
212,5293.0,MN,55124,3.0,1.0,1.0,1.0,Y,DAKOTA,0.976144,0.4054651081081640
213,5294.0,MN,55124,3.0,1.0,0.0,2.0,Y,DAKOTA,0.976144,1.3609765531356000
214,5295.0,MN,55337,3.0,1.0,0.0,1.0,Y,DAKOTA,0.976144,2.186051276738090
215,5296.0,MN,55337,3.0,1.0,0.0,4.0,Y,DAKOTA,0.976144,1.4816045409242200
216,5297.0,MN,55337,3.0,1.0,0.0,2.0,Y,DAKOTA,0.976144,1.5040773967762700
217,5298.0,MN,55337,3.0,1.0,0.0,0.0,Y,DAKOTA,0.976144,1.5260563034950500
218,5299.0,MN,55337,3.0,1.0,0.0,3.0,Y,DAKOTA,0.976144,0.8329091229351040
219,5300.0,MN,55337,3.0,2.0,0.0,2.0,Y,DAKOTA,0.976144,-0.5108256237659910
220,5301.0,MN,55337,3.0,1.0,0.0,2.0,Y,DAKOTA,0.976144,1.7749523509116700
221,5302.0,MN,55940,4.0,1.0,0.0,4.0,Y,DODGE,1.3019400000000000,1.7047480922384300
222,5303.0,MN,55944,4.0,1.0,0.0,4.0,Y,DODGE,1.3019400000000000,1.9878743481543500
223,5304.0,MN,55944,4.0,1.0,0.0,4.0,Y,DODGE,1.3019400000000000,1.7578579175523700
224,5305.0,MN,56308,5.0,1.0,0.0,2.0,Y,DOUGLAS,1.16849,2.0149030205422600
225,5306.0,MN,56308,5.0,1.0,0.0,2.0,Y,DOUGLAS,1.16849,1.5892352051165800
226,5307.0,MN,56308,5.0,1.0,0.0,4.0,Y,DOUGLAS,1.16849,1.9315214116032100
227,5308.0,MN,56308,5.0,1.0,0.0,4.0,Y,DOUGLAS,1.16849,1.8718021769015900
228,5309.0,MN,56308,5.0,1.0,1.0,3.0,N,DOUGLAS,1.16849,1.3350010667323400
229,5310.0,MN,56319,5.0,1.0,0.0,4.0,Y,DOUGLAS,1.16849,1.7227665977411000
230,5311.0,MN,56326,5.0,1.0,0.0,4.0,Y,DOUGLAS,1.16849,2.0668627594729800
231,5312.0,MN,56332,5.0,1.0,0.0,4.0,Y,DOUGLAS,1.16849,1.5040773967762700
232,5313.0,MN,56360,5.0,1.0,0.0,4.0,Y,DOUGLAS,1.16849,1.0296194171811600
233,5314.0,MN,56013,4.0,1.0,0.0,4.0,Y,FARIBAULT,1.3431600000000000,1.252762968495370
234,5315.0,MN,56013,4.0,1.0,0.0,4.0,Y,FARIBAULT,1.3431600000000000,1.4586150226995200
235,5316.0,MN,56023,4.0,1.0,0.0,2.0,Y,FARIBAULT,1.3431600000000000,0.8754687373539000
236,5317.0,MN,56097,4.0,1.0,1.0,7.0,Y,FARIBAULT,1.3431600000000000,0.336472236621213
237,5318.0,MN,56097,4.0,1.0,0.0,0.0,Y,FARIBAULT,1.3431600000000000,1.667706820558080
238,5319.0,MN,56097,4.0,1.0,0.0,7.0,Y,FARIBAULT,1.3431600000000000,-1.6094379124341000
239,5320.0,MN,55962,4.0,1.0,1.0,3.0,Y,FILLMORE,1.51424,0.9555114450274360
240,5321.0,MN,55971,4.0,1.0,0.0,4.0,Y,FILLMORE,1.51424,1.1939224684724300
241,5322.0,MN,56007,4.0,1.0,0.0,4.0,Y,FREEBORN,1.2513300000000000,1.1939224684724300
242,5323.0,MN,56007,4.0,1.0,0.0,7.0,Y,FREEBORN,1.2513300000000000,2.272125885509340
243,5324.0,MN,56007,4.0,1.0,0.0,4.0,Y,FREEBORN,1.2513300000000000,1.4586150226995200
244,5325.0,MN,56007,4.0,1.0,0.0,2.0,Y,FREEBORN,1.2513300000000000,2.2082744135228000
245,5326.0,MN,56009,4.0,1.0,0.0,4.0,Y,FREEBORN,1.2513300000000000,1.856297990365630
246,5327.0,MN,56026,4.0,1.0,0.0,4.0,Y,FREEBORN,1.2513300000000000,3.487375077903210
247,5328.0,MN,56036,4.0,1.0,0.0,4.0,Y,FREEBORN,1.2513300000000000,2.587764035227710
248,5329.0,MN,56045,4.0,1.0,1.0,1.0,N,FREEBORN,1.2513300000000000,0.8329091229351040
249,5330.0,MN,57006,4.0,2.0,1.0,3.0,Y,FREEBORN,1.2513300000000000,1.7404661748405000
250,5331.0,MN,55009,4.0,1.0,0.0,2.0,Y,GOODHUE,1.21727,2.667228206581960
251,5332.0,MN,55009,4.0,1.0,1.0,3.0,N,GOODHUE,1.21727,1.9459101490553100
252,5333.0,MN,55009,4.0,1.0,0.0,4.0,Y,GOODHUE,1.21727,2.0412203288596400
253,5334.0,MN,55041,4.0,1.0,1.0,3.0,Y,GOODHUE,1.21727,2.2925347571405400
254,5335.0,MN,55066,4.0,1.0,0.0,4.0,Y,GOODHUE,1.21727,0.9932517730102830
255,5336.0,MN,55066,4.0,1.0,0.0,4.0,Y,GOODHUE,1.21727,3.775057150354990
256,5337.0,MN,55066,4.0,1.0,0.0,2.0,Y,GOODHUE,1.21727,1.6094379124341000
257,5338.0,MN,55066,4.0,1.0,0.0,4.0,Y,GOODHUE,1.21727,1.6094379124341000
258,5339.0,MN,55946,4.0,1.0,0.0,4.0,Y,GOODHUE,1.21727,1.2809338454620600
259,5340.0,MN,55963,4.0,1.0,0.0,2.0,Y,GOODHUE,1.21727,1.5892352051165800
260,5341.0,MN,55983,4.0,1.0,0.0,4.0,Y,GOODHUE,1.21727,1.7404661748405000
261,5342.0,MN,55983,4.0,1.0,0.0,4.0,Y,GOODHUE,1.21727,1.2809338454620600
262,5343.0,MN,55983,4.0,1.0,0.0,4.0,Y,GOODHUE,1.21727,1.3862943611198900
263,5344.0,MN,55992,4.0,1.0,0.0,2.0,Y,GOODHUE,1.21727,1.916922612182060
264,5345.0,MN,55316,3.0,0.0,0.0,0.0, ,HENNEPIN,0.907991,2.0794415416798400
265,5346.0,MN,55316,3.0,1.0,0.0,2.0,Y,HENNEPIN,0.907991,1.2237754316221200
266,5347.0,MN,55316,3.0,1.0,1.0,3.0,N,HENNEPIN,0.907991,0.7884573603642700
267,5348.0,MN,55331,3.0,1.0,0.0,5.0,Y,HENNEPIN,0.907991,0.5306282510621710
268,5349.0,MN,55331,3.0,2.0,0.0,4.0,Y,HENNEPIN,0.907991,1.410986973710260
269,5350.0,MN,55331,3.0,1.0,0.0,5.0,Y,HENNEPIN,0.907991,0.6418538861723950
270,5351.0,MN,55331,3.0,1.0,0.0,4.0,Y,HENNEPIN,0.907991,0.9555114450274360
271,5352.0,MN,55343,3.0,1.0,0.0,4.0,Y,HENNEPIN,0.907991,2.424802725718300
272,5353.0,MN,55344,3.0,1.0,0.0,2.0,Y,HENNEPIN,0.907991,0.9932517730102830
273,5354.0,MN,55344,3.0,2.0,0.0,2.0,Y,HENNEPIN,0.907991,1.3862943611198900
274,5355.0,MN,55344,3.0,1.0,0.0,1.0,Y,HENNEPIN,0.907991,2.0149030205422600
275,5356.0,MN,55344,3.0,2.0,0.0,2.0,Y,HENNEPIN,0.907991,0.336472236621213
276,5357.0,MN,55344,3.0,1.0,0.0,4.0,Y,HENNEPIN,0.907991,0.0
277,5358.0,MN,55346,3.0,2.0,0.0,4.0,Y,HENNEPIN,0.907991,-0.6931471805599450
278,5359.0,MN,55356,3.0,1.0,1.0,2.0,Y,HENNEPIN,0.907991,0.9555114450274360
279,5360.0,MN,55357,3.0,1.0,0.0,4.0,Y,HENNEPIN,0.907991,1.8082887711792700
280,5361.0,MN,55369,3.0,1.0,0.0,1.0,Y,HENNEPIN,0.907991,0.7419373447293770
281,5362.0,MN,55369,3.0,1.0,0.0,4.0,Y,HENNEPIN,0.907991,1.7047480922384300
282,5363.0,MN,55369,3.0,1.0,0.0,4.0,Y,HENNEPIN,0.907991,1.1314021114911000
283,5364.0,MN,55369,3.0,1.0,0.0,2.0, ,HENNEPIN,0.907991,1.0986122886681100
284,5365.0,MN,55369,3.0,1.0,0.0,4.0,Y,HENNEPIN,0.907991,1.7227665977411000
285,5366.0,MN,55391,3.0,1.0,0.0,7.0,Y,HENNEPIN,0.907991,1.4350845252893200
286,5367.0,MN,55403,3.0,2.0,0.0,4.0,Y,HENNEPIN,0.907991,1.3862943611198900
287,5368.0,MN,55405,3.0,1.0,0.0,4.0,Y,HENNEPIN,0.907991,2.70805020110221
288,5369.0,MN,55406,3.0,1.0,0.0,4.0,Y,HENNEPIN,0.907991,1.9878743481543500
289,5370.0,MN,55406,3.0,1.0,0.0,4.0,Y,HENNEPIN,0.907991,0.8754687373539000
290,5371.0,MN,55407,3.0,1.0,1.0,3.0,Y,HENNEPIN,0.907991,1.0647107369924300
291,5372.0,MN,55409,3.0,1.0,0.0,4.0,Y,HENNEPIN,0.907991,1.5040773967762700
292,5373.0,MN,55409,3.0,1.0,0.0,4.0,Y,HENNEPIN,0.907991,0.47000362924573600
293,5374.0,MN,55410,3.0,1.0,0.0,4.0,Y,HENNEPIN,0.907991,2.163323025660540
294,5375.0,MN,55410,3.0,1.0,0.0,7.0,Y,HENNEPIN,0.907991,1.7404661748405000
295,5376.0,MN,55410,3.0,1.0,0.0,4.0,Y,HENNEPIN,0.907991,2.163323025660540
296,5377.0,MN,55411,3.0,1.0,0.0,2.0,Y,HENNEPIN,0.907991,1.3609765531356000
297,5378.0,MN,55412,3.0,1.0,0.0,4.0,Y,HENNEPIN,0.907991,0.6418538861723950
298,5379.0,MN,55413,3.0,1.0,0.0,4.0,Y,HENNEPIN,0.907991,0.6931471805599450
299,5380.0,MN,55413,3.0,1.0,0.0,7.0,Y,HENNEPIN,0.907991,1.7227665977411000
300,5381.0,MN,55414,3.0,2.0,0.0,4.0,Y,HENNEPIN,0.907991,0.9555114450274360
301,5382.0,MN,55414,3.0,2.0,1.0,3.0,N,HENNEPIN,0.907991,-0.10536051565782600
302,5383.0,MN,55416,3.0,1.0,0.0,7.0,Y,HENNEPIN,0.907991,0.7884573603642700
303,5384.0,MN,55416,3.0,1.0,0.0,0.0,Y,HENNEPIN,0.907991,1.0647107369924300
304,5385.0,MN,55417,3.0,1.0,0.0,4.0,Y,HENNEPIN,0.907991,1.3862943611198900
305,5386.0,MN,55417,3.0,1.0,0.0,4.0,Y,HENNEPIN,0.907991,1.4816045409242200
306,5387.0,MN,55417,3.0,1.0,0.0,2.0,Y,HENNEPIN,0.907991,1.5686159179138500
307,5388.0,MN,55418,3.0,0.0,0.0,0.0, ,HENNEPIN,0.907991,1.0647107369924300
308,5389.0,MN,55418,3.0,1.0,0.0,1.0,Y,HENNEPIN,0.907991,1.4350845252893200
309,5390.0,MN,55418,3.0,3.0,0.0,4.0,Y,HENNEPIN,0.907991,0.5306282510621710
310,5391.0,MN,55418,3.0,1.0,0.0,7.0,Y,HENNEPIN,0.907991,1.4816045409242200
311,5392.0,MN,55418,3.0,1.0,1.0,7.0,Y,HENNEPIN,0.907991,-0.22314355131421000
312,5393.0,MN,55419,3.0,1.0,0.0,2.0,Y,HENNEPIN,0.907991,1.7227665977411000
313,5394.0,MN,55419,3.0,1.0,1.0,1.0,Y,HENNEPIN,0.907991,1.2237754316221200
314,5395.0,MN,55419,3.0,1.0,0.0,4.0,Y,HENNEPIN,0.907991,1.7227665977411000
315,5396.0,MN,55419,3.0,1.0,0.0,4.0,Y,HENNEPIN,0.907991,0.9555114450274360
316,5397.0,MN,55420,3.0,1.0,0.0,1.0,Y,HENNEPIN,0.907991,1.0296194171811600
317,5398.0,MN,55420,3.0,1.0,0.0,7.0,Y,HENNEPIN,0.907991,2.1400661634962700
318,5399.0,MN,55422,3.0,1.0,0.0,2.0,Y,HENNEPIN,0.907991,1.2237754316221200
319,5400.0,MN,55422,3.0,2.0,0.0,4.0,Y,HENNEPIN,0.907991,1.1939224684724300
320,5401.0,MN,55422,3.0,1.0,0.0,4.0,Y,HENNEPIN,0.907991,2.163323025660540
321,5402.0,MN,55423,3.0,1.0,0.0,2.0,Y,HENNEPIN,0.907991,0.5877866649021190
322,5403.0,MN,55423,3.0,1.0,0.0,4.0,Y,HENNEPIN,0.907991,1.7578579175523700
323,5404.0,MN,55423,3.0,1.0,0.0,4.0,Y,HENNEPIN,0.907991,2.5726122302071100
324,5405.0,MN,55423,3.0,1.0,0.0,4.0,Y,HENNEPIN,0.907991,1.0296194171811600
325,5406.0,MN,55424,3.0,1.0,0.0,4.0,Y,HENNEPIN,0.907991,1.5686159179138500
326,5407.0,MN,55426,3.0,1.0,0.0,4.0,Y,HENNEPIN,0.907991,1.7404661748405000
327,5408.0,MN,55426,3.0,1.0,0.0,4.0,Y,HENNEPIN,0.907991,2.631888840136650
328,5409.0,MN,55426,3.0,1.0,1.0,1.0,N,HENNEPIN,0.907991,2.0412203288596400
329,5410.0,MN,55427,3.0,1.0,0.0,0.0,Y,HENNEPIN,0.907991,1.7578579175523700
330,5411.0,MN,55427,3.0,1.0,0.0,2.0,Y,HENNEPIN,0.907991,1.5475625087160100
331,5412.0,MN,55427,3.0,1.0,0.0,4.0,Y,HENNEPIN,0.907991,2.0412203288596400
332,5413.0,MN,55428,3.0,1.0,0.0,2.0,Y,HENNEPIN,0.907991,0.9932517730102830
333,5414.0,MN,55428,3.0,1.0,0.0,1.0,Y,HENNEPIN,0.907991,1.5260563034950500
334,5415.0,MN,55428,3.0,1.0,0.0,2.0,Y,HENNEPIN,0.907991,1.791759469228060
335,5416.0,MN,55428,3.0,1.0,0.0,2.0,Y,HENNEPIN,0.907991,0.8329091229351040
336,5417.0,MN,55429,3.0,1.0,0.0,4.0,Y,HENNEPIN,0.907991,0.9162907318741550
337,5418.0,MN,55429,3.0,1.0,0.0,4.0,Y,HENNEPIN,0.907991,1.410986973710260
338,5419.0,MN,55430,3.0,0.0,0.0,0.0, ,HENNEPIN,0.907991,1.5475625087160100
339,5420.0,MN,55430,3.0,1.0,0.0,2.0,Y,HENNEPIN,0.907991,1.5475625087160100
340,5421.0,MN,55430,3.0,1.0,0.0,4.0,Y,HENNEPIN,0.907991,2.3978952727983700
341,5422.0,MN,55431,3.0,1.0,0.0,4.0,Y,HENNEPIN,0.907991,2.0412203288596400
342,5423.0,MN,55431,3.0,1.0,0.0,4.0,Y,HENNEPIN,0.907991,1.1314021114911000
343,5424.0,MN,55433,3.0,1.0,0.0,7.0,Y,HENNEPIN,0.907991,0.47000362924573600
344,5425.0,MN,55434,3.0,1.0,1.0,7.0,Y,HENNEPIN,0.907991,0.5306282510621710
345,5426.0,MN,55435,3.0,1.0,0.0,2.0,Y,HENNEPIN,0.907991,2.8094026953625000
346,5427.0,MN,55435,3.0,1.0,0.0,2.0,Y,HENNEPIN,0.907991,1.1631508098056800
347,5428.0,MN,55436,3.0,1.0,0.0,2.0,Y,HENNEPIN,0.907991,1.6486586255873800
348,5429.0,MN,55436,3.0,1.0,0.0,1.0,Y,HENNEPIN,0.907991,1.6094379124341000
349,5430.0,MN,55436,3.0,0.0,0.0,0.0, ,HENNEPIN,0.907991,1.8082887711792700
350,5431.0,MN,55436,3.0,5.0,1.0,2.0,N,HENNEPIN,0.907991,0.0
351,5432.0,MN,55437,3.0,1.0,0.0,4.0,Y,HENNEPIN,0.907991,0.6418538861723950
352,5433.0,MN,55437,3.0,1.0,0.0,4.0,Y,HENNEPIN,0.907991,1.3862943611198900
353,5434.0,MN,55437,3.0,1.0,0.0,4.0,Y,HENNEPIN,0.907991,1.7404661748405000
354,5435.0,MN,55437,3.0,2.0,1.0,7.0,Y,HENNEPIN,0.907991,-0.6931471805599450
355,5436.0,MN,55437,3.0,1.0,0.0,2.0,Y,HENNEPIN,0.907991,0.9932517730102830
356,5437.0,MN,55441,3.0,1.0,0.0,2.0,Y,HENNEPIN,0.907991,1.308332819650180
357,5438.0,MN,55441,3.0,1.0,0.0,2.0,Y,HENNEPIN,0.907991,1.840549633397490
358,5439.0,MN,55441,3.0,1.0,0.0,4.0,Y,HENNEPIN,0.907991,3.1654750481410900
359,5440.0,MN,55442,3.0,1.0,0.0,4.0,Y,HENNEPIN,0.907991,1.3862943611198900
360,5441.0,MN,55442,3.0,1.0,0.0,4.0,Y,HENNEPIN,0.907991,1.0986122886681100
361,5442.0,MN,55444,3.0,1.0,0.0,4.0,Y,HENNEPIN,0.907991,1.1314021114911000
362,5443.0,MN,55444,3.0,1.0,0.0,1.0,Y,HENNEPIN,0.907991,1.5686159179138500
363,5444.0,MN,55444,3.0,1.0,0.0,4.0,Y,HENNEPIN,0.907991,1.1314021114911000
364,5445.0,MN,55444,3.0,0.0,0.0,0.0, ,HENNEPIN,0.907991,1.4586150226995200
365,5446.0,MN,55447,3.0,1.0,0.0,2.0,Y,HENNEPIN,0.907991,1.3609765531356000
366,5447.0,MN,55447,3.0,1.0,0.0,4.0,Y,HENNEPIN,0.907991,1.1314021114911000
367,5448.0,MN,55447,3.0,1.0,0.0,2.0,Y,HENNEPIN,0.907991,1.4816045409242200
368,5449.0,MN,55447,3.0,5.0,1.0,0.0,N,HENNEPIN,0.907991,1.0986122886681100
369,5450.0,MN,55919,4.0,1.0,0.0,0.0,Y,HOUSTON,1.65455,1.252762968495370
370,5451.0,MN,55921,4.0,1.0,0.0,4.0,Y,HOUSTON,1.65455,2.151762203259460
371,5452.0,MN,55921,4.0,1.0,0.0,2.0,Y,HOUSTON,1.65455,2.2082744135228000
372,5453.0,MN,55941,4.0,1.0,1.0,3.0,Y,HOUSTON,1.65455,1.5892352051165800
373,5454.0,MN,55947,4.0,1.0,0.0,2.0,Y,HOUSTON,1.65455,1.308332819650180
374,5455.0,MN,55974,4.0,1.0,1.0,3.0,Y,HOUSTON,1.65455,0.8329091229351040
375,5456.0,MN,56461,2.0,1.0,1.0,1.0,Y,HUBBARD,0.66992,1.0647107369924300
376,5457.0,MN,56467,2.0,1.0,1.0,1.0,Y,HUBBARD,0.66992,-0.10536051565782600
377,5458.0,MN,56601,2.0,1.0,0.0,2.0,Y,HUBBARD,0.66992,0.47000362924573600
378,5459.0,MN,56633,2.0,1.0,0.0,4.0,Y,HUBBARD,0.66992,1.5475625087160100
379,5460.0,MN,56633,2.0,1.0,1.0,2.0,N,HUBBARD,0.66992,1.3350010667323400
380,5461.0,MN,55008,5.0,1.0,0.0,4.0,Y,ISANTI,0.471483,1.308332819650180
381,5462.0,MN,55008,5.0,1.0,0.0,4.0,Y,ISANTI,0.471483,1.1314021114911000
382,5463.0,MN,55371,5.0,1.0,0.0,4.0,Y,ISANTI,0.471483,0.8329091229351040
383,5464.0,MN,55709,2.0,1.0,0.0,4.0,Y,ITASCA,0.515124,0.6931471805599450
384,5465.0,MN,55721,2.0,1.0,0.0,2.0,Y,ITASCA,0.515124,0.9932517730102830
385,5466.0,MN,55721,2.0,2.0,0.0,4.0,Y,ITASCA,0.515124,0.6418538861723950
386,5467.0,MN,55744,2.0,1.0,0.0,0.0,Y,ITASCA,0.515124,0.9162907318741550
387,5468.0,MN,55744,2.0,0.0,0.0,0.0, ,ITASCA,0.515124,1.4816045409242200
388,5469.0,MN,55744,2.0,1.0,0.0,2.0,Y,ITASCA,0.515124,0.9932517730102830
389,5470.0,MN,55744,2.0,1.0,0.0,2.0,Y,ITASCA,0.515124,0.1823215567939550
390,5471.0,MN,55744,2.0,1.0,0.0,2.0,Y,ITASCA,0.515124,1.2237754316221200
391,5472.0,MN,55769,2.0,1.0,0.0,2.0,Y,ITASCA,0.515124,0.9555114450274360
392,5473.0,MN,55775,2.0,1.0,0.0,4.0,Y,ITASCA,0.515124,2.2512917986065000
393,5474.0,MN,56636,2.0,1.0,0.0,4.0,Y,ITASCA,0.515124,0.336472236621213
394,5475.0,MN,56119,5.0,1.0,0.0,4.0,Y,JACKSON,1.36209,2.1400661634962700
395,5476.0,MN,56137,5.0,1.0,0.0,4.0,Y,JACKSON,1.36209,1.62924053973028
396,5477.0,MN,56143,5.0,1.0,0.0,3.0,Y,JACKSON,1.36209,1.0986122886681100
397,5478.0,MN,56143,5.0,1.0,0.0,4.0,Y,JACKSON,1.36209,2.580216829592330
398,5479.0,MN,56150,5.0,1.0,0.0,7.0,Y,JACKSON,1.36209,2.7343675094195800
399,5480.0,MN,55007,5.0,1.0,0.0,4.0,Y,KANABEC,0.9480140000000000,0.6418538861723950
400,5481.0,MN,55051,5.0,1.0,0.0,3.0,Y,KANABEC,0.9480140000000000,1.3609765531356000
401,5482.0,MN,55051,5.0,1.0,0.0,4.0,Y,KANABEC,0.9480140000000000,2.0794415416798400
402,5483.0,MN,55051,5.0,1.0,0.0,0.0,Y,KANABEC,0.9480140000000000,0.9932517730102830
403,5484.0,MN,56201,5.0,1.0,0.0,0.0,Y,KANDIYOHI,1.11598,2.4336133554004500
404,5485.0,MN,56201,5.0,1.0,0.0,4.0,Y,KANDIYOHI,1.11598,1.4350845252893200
405,5486.0,MN,56201,5.0,1.0,0.0,4.0, ,KANDIYOHI,1.11598,2.517696472610990
406,5487.0,MN,56201,5.0,1.0,0.0,4.0,Y,KANDIYOHI,1.11598,1.916922612182060
407,5488.0,MN,56733,2.0,1.0,0.0,4.0,Y,KITTSON,0.9922270000000000,1.9459101490553100
408,5489.0,MN,56734,2.0,1.0,1.0,3.0,Y,KITTSON,0.9922270000000000,1.5260563034950500
409,5490.0,MN,56743,2.0,1.0,1.0,2.0,N,KITTSON,0.9922270000000000,0.0
410,5491.0,MN,56649,2.0,1.0,0.0,4.0,Y,KOOCHICHING,0.414025,0.5877866649021190
411,5492.0,MN,56649,2.0,1.0,0.0,4.0,Y,KOOCHICHING,0.414025,0.4054651081081640
412,5493.0,MN,56649,2.0,1.0,1.0,3.0,N,KOOCHICHING,0.414025,0.7419373447293770
413,5494.0,MN,56649,2.0,1.0,1.0,3.0,N,KOOCHICHING,0.414025,0.09531017980432490
414,5495.0,MN,56653,2.0,1.0,0.0,2.0,Y,KOOCHICHING,0.414025,0.09531017980432490
415,5496.0,MN,56660,2.0,1.0,1.0,3.0,N,KOOCHICHING,0.414025,1.0647107369924300
416,5497.0,MN,56679,2.0,1.0,1.0,2.0,N,KOOCHICHING,0.414025,0.336472236621213
417,5498.0,MN,56256,5.0,1.0,1.0,2.0,Y,LAC QUI PARLE,1.36483,2.4336133554004500
418,5499.0,MN,56256,5.0,1.0,0.0,7.0,Y,LAC QUI PARLE,1.36483,2.7788192719904200
419,5500.0,MN,55603,1.0,1.0,1.0,3.0,N,LAKE,0.500776,0.336472236621213
420,5501.0,MN,55614,1.0,1.0,0.0,4.0,Y,LAKE,0.500776,0.336472236621213
421,5502.0,MN,55616,1.0,1.0,0.0,4.0,Y,LAKE,0.500776,0.5306282510621710
422,5503.0,MN,55616,1.0,1.0,0.0,0.0,Y,LAKE,0.500776,0.0
423,5504.0,MN,55616,1.0,1.0,0.0,4.0,Y,LAKE,0.500776,1.0647107369924300
424,5505.0,MN,55616,1.0,1.0,0.0,2.0,Y,LAKE,0.500776,-0.5108256237659910
425,5506.0,MN,55616,1.0,1.0,0.0,4.0,Y,LAKE,0.500776,0.47000362924573600
426,5507.0,MN,55616,1.0,1.0,0.0,4.0,Y,LAKE,0.500776,1.9740810260220100
427,5508.0,MN,55616,1.0,1.0,0.0,4.0,Y,LAKE,0.500776,-0.5108256237659910
428,5509.0,MN,56623,2.0,1.0,0.0,4.0,Y,LAKE OF THE WOODS,0.5057520000000000,2.322387720290230
429,5510.0,MN,56623,2.0,1.0,1.0,4.0,Y,LAKE OF THE WOODS,0.5057520000000000,1.4816045409242200
430,5511.0,MN,56623,2.0,1.0,0.0,1.0,Y,LAKE OF THE WOODS,0.5057520000000000,1.2237754316221200
431,5512.0,MN,56686,2.0,1.0,1.0,1.0,N,LAKE OF THE WOODS,0.5057520000000000,1.0986122886681100
432,5513.0,MN,56017,4.0,1.0,0.0,4.0,Y,LE SUEUR,1.21464,2.533696813957430
433,5514.0,MN,56028,4.0,1.0,1.0,1.0,Y,LE SUEUR,1.21464,1.4586150226995200
434,5515.0,MN,56069,4.0,1.0,0.0,2.0,Y,LE SUEUR,1.21464,1.5260563034950500
435,5516.0,MN,56069,4.0,1.0,0.0,0.0,Y,LE SUEUR,1.21464,1.3862943611198900
436,5517.0,MN,56069,4.0,1.0,0.0,4.0,Y,LE SUEUR,1.21464,1.2237754316221200
437,5518.0,MN,56136,5.0,1.0,0.0,4.0, ,LINCOLN,1.56034,2.8678989020441100
438,5519.0,MN,56136,5.0,1.0,0.0,2.0,Y,LINCOLN,1.56034,2.3702437414678600
439,5520.0,MN,56142,5.0,1.0,0.0,4.0,Y,LINCOLN,1.56034,2.0794415416798400
440,5521.0,MN,56149,5.0,1.0,1.0,7.0,Y,LINCOLN,1.56034,1.2809338454620600
441,5522.0,MN,56115,5.0,1.0,0.0,4.0,Y,LYON,1.48399,1.8870696490323800
442,5523.0,MN,56175,5.0,1.0,1.0,3.0,N,LYON,1.48399,1.9459101490553100
443,5524.0,MN,56175,5.0,1.0,0.0,7.0,Y,LYON,1.48399,1.6486586255873800
444,5525.0,MN,56258,5.0,1.0,0.0,4.0,Y,LYON,1.48399,2.4932054526027000
445,5526.0,MN,56258,5.0,1.0,0.0,4.0,Y,LYON,1.48399,1.6486586255873800
446,5527.0,MN,56258,5.0,1.0,0.0,2.0,Y,LYON,1.48399,2.1972245773362200
447,5528.0,MN,56258,5.0,1.0,0.0,2.0,Y,LYON,1.48399,1.7749523509116700
448,5529.0,MN,56264,5.0,1.0,0.0,4.0,Y,LYON,1.48399,1.5475625087160100
449,5530.0,MN,56589,2.0,1.0,0.0,2.0,Y,MAHNOMEN,1.16137,1.3862943611198900
450,5531.0,MN,56701,2.0,1.0,1.0,3.0,N,MARSHALL,1.01386,0.47000362924573600
451,5532.0,MN,56710,2.0,1.0,0.0,4.0,Y,MARSHALL,1.01386,3.173878458937470
452,5533.0,MN,56727,2.0,5.0,1.0,3.0,N,MARSHALL,1.01386,0.0
453,5534.0,MN,56738,2.0,1.0,1.0,3.0,N,MARSHALL,1.01386,0.4054651081081640
454,5535.0,MN,56738,2.0,1.0,1.0,3.0,Y,MARSHALL,1.01386,0.1823215567939550
455,5536.0,MN,56757,2.0,1.0,0.0,2.0,Y,MARSHALL,1.01386,1.0647107369924300
456,5537.0,MN,56757,2.0,1.0,0.0,4.0,Y,MARSHALL,1.01386,3.8774315606585300
457,5538.0,MN,56762,2.0,1.0,1.0,3.0,Y,MARSHALL,1.01386,0.0
458,5539.0,MN,56762,2.0,1.0,0.0,4.0,Y,MARSHALL,1.01386,2.128231705849270
459,5540.0,MN,56031,5.0,1.0,0.0,4.0,Y,MARTIN,1.18041,1.4350845252893200
460,5541.0,MN,56031,5.0,2.0,1.0,1.0,Y,MARTIN,1.18041,-0.5108256237659910
461,5542.0,MN,56031,5.0,1.0,0.0,4.0,Y,MARTIN,1.18041,1.916922612182060
462,5543.0,MN,56031,5.0,1.0,0.0,4.0,Y,MARTIN,1.18041,2.028148247292290
463,5544.0,MN,56031,5.0,1.0,0.0,4.0,Y,MARTIN,1.18041,2.23001440015921
464,5545.0,MN,56031,5.0,1.0,0.0,2.0,Y,MARTIN,1.18041,-0.5108256237659910
465,5546.0,MN,56171,5.0,1.0,0.0,4.0,Y,MARTIN,1.18041,0.47000362924573600
466,5547.0,MN,55336,5.0,1.0,0.0,2.0,Y,MCLEOD,1.15076,2.341805806147330
467,5548.0,MN,55336,5.0,1.0,0.0,0.0,Y,MCLEOD,1.15076,1.3862943611198900
468,5549.0,MN,55336,5.0,1.0,0.0,4.0,Y,MCLEOD,1.15076,0.6418538861723950
469,5550.0,MN,55336,5.0,1.0,0.0,4.0,Y,MCLEOD,1.15076,2.302585092994050
470,5551.0,MN,55336,5.0,1.0,0.0,4.0,Y,MCLEOD,1.15076,0.8754687373539000
471,5552.0,MN,55350,5.0,1.0,0.0,2.0,Y,MCLEOD,1.15076,1.5040773967762700
472,5553.0,MN,55350,5.0,1.0,0.0,4.0,Y,MCLEOD,1.15076,1.0647107369924300
473,5554.0,MN,55350,5.0,1.0,1.0,3.0,Y,MCLEOD,1.15076,0.1823215567939550
474,5555.0,MN,55350,5.0,1.0,0.0,4.0,Y,MCLEOD,1.15076,0.26236426446749100
475,5556.0,MN,55350,5.0,2.0,1.0,3.0,Y,MCLEOD,1.15076,0.5306282510621710
476,5557.0,MN,55350,5.0,1.0,1.0,3.0,Y,MCLEOD,1.15076,3.2386784521643800
477,5558.0,MN,55350,5.0,1.0,1.0,3.0,Y,MCLEOD,1.15076,-2.3025850929940500
478,5559.0,MN,55350,5.0,1.0,0.0,4.0,Y,MCLEOD,1.15076,2.3702437414678600
479,5560.0,MN,55325,5.0,1.0,0.0,4.0,Y,MEEKER,1.02424,0.8754687373539000
480,5561.0,MN,55355,5.0,1.0,0.0,7.0,Y,MEEKER,1.02424,1.3862943611198900
481,5562.0,MN,55355,5.0,1.0,0.0,4.0,Y,MEEKER,1.02424,1.9878743481543500
482,5563.0,MN,55355,5.0,0.0,0.0,0.0, ,MEEKER,1.02424,0.7884573603642700
483,5564.0,MN,55389,5.0,1.0,0.0,3.0,Y,MEEKER,1.02424,1.1939224684724300
484,5565.0,MN,55371,5.0,1.0,1.0,3.0,Y,MILLE LACS,0.8105360000000000,-0.5108256237659910
485,5566.0,MN,56358,5.0,1.0,0.0,0.0,Y,MILLE LACS,0.8105360000000000,1.7578579175523700
486,5567.0,MN,56345,2.0,1.0,0.0,2.0,Y,MORRISON,0.9109870000000000,0.4054651081081640
487,5568.0,MN,56345,2.0,1.0,0.0,4.0,Y,MORRISON,0.9109870000000000,0.7884573603642700
488,5569.0,MN,56345,2.0,1.0,0.0,1.0,Y,MORRISON,0.9109870000000000,1.5040773967762700
489,5570.0,MN,56345,2.0,1.0,0.0,7.0,Y,MORRISON,0.9109870000000000,0.9162907318741550
490,5571.0,MN,56345,2.0,1.0,0.0,2.0,Y,MORRISON,0.9109870000000000,1.6094379124341000
491,5572.0,MN,56345,2.0,1.0,1.0,3.0,Y,MORRISON,0.9109870000000000,1.1314021114911000
492,5573.0,MN,56364,2.0,1.0,0.0,4.0,Y,MORRISON,0.9109870000000000,1.1314021114911000
493,5574.0,MN,56382,2.0,1.0,0.0,4.0,Y,MORRISON,0.9109870000000000,1.0647107369924300
494,5575.0,MN,56466,2.0,1.0,0.0,1.0,Y,MORRISON,0.9109870000000000,1.3862943611198900
495,5576.0,MN,55909,4.0,1.0,0.0,4.0,Y,MOWER,1.29814,2.3978952727983700
496,5577.0,MN,55912,4.0,1.0,0.0,2.0,Y,MOWER,1.29814,1.8718021769015900
497,5578.0,MN,55912,4.0,1.0,0.0,4.0,Y,MOWER,1.29814,0.7419373447293770
498,5579.0,MN,55912,4.0,1.0,0.0,4.0,Y,MOWER,1.29814,1.1314021114911000
499,5580.0,MN,55912,4.0,1.0,0.0,0.0,Y,MOWER,1.29814,1.5260563034950500
500,5581.0,MN,55912,4.0,1.0,0.0,2.0,Y,MOWER,1.29814,0.7884573603642700
501,5582.0,MN,55912,4.0,0.0,0.0,0.0, ,MOWER,1.29814,2.0918640616783900
502,5583.0,MN,55917,4.0,1.0,1.0,2.0,Y,MOWER,1.29814,0.336472236621213
503,5584.0,MN,55918,4.0,1.0,0.0,4.0,Y,MOWER,1.29814,2.23001440015921
504,5585.0,MN,55936,4.0,1.0,1.0,3.0,Y,MOWER,1.29814,0.1823215567939550
505,5586.0,MN,55936,4.0,1.0,0.0,4.0,Y,MOWER,1.29814,2.3702437414678600
506,5587.0,MN,55967,4.0,1.0,0.0,7.0,Y,MOWER,1.29814,3.1822118404966100
507,5588.0,MN,55982,4.0,1.0,0.0,4.0,Y,MOWER,1.29814,2.2192034840549900
508,5589.0,MN,56123,5.0,1.0,0.0,2.0,Y,MURRAY,1.49011,2.501435951739210
509,5590.0,MN,56001,5.0,1.0,0.0,4.0,Y,NICOLLET,1.28152,2.1041341542702100
510,5591.0,MN,56021,5.0,1.0,0.0,2.0,Y,NICOLLET,1.28152,2.388762789235100
511,5592.0,MN,56082,5.0,1.0,0.0,2.0,Y,NICOLLET,1.28152,1.4586150226995200
512,5593.0,MN,56082,5.0,1.0,0.0,7.0,Y,NICOLLET,1.28152,2.760009940032920
513,5594.0,MN,56187,5.0,1.0,0.0,2.0,Y,NOBLES,1.4999800000000000,1.7047480922384300
514,5595.0,MN,56187,5.0,1.0,0.0,4.0,Y,NOBLES,1.4999800000000000,1.840549633397490
515,5596.0,MN,56187,5.0,1.0,0.0,4.0,Y,NOBLES,1.4999800000000000,2.282382385676530
516,5597.0,MN,56510,2.0,1.0,0.0,4.0,Y,NORMAN,1.30372,2.1041341542702100
517,5598.0,MN,56545,2.0,1.0,0.0,4.0,Y,NORMAN,1.30372,0.5306282510621710
518,5599.0,MN,56545,2.0,1.0,1.0,3.0,Y,NORMAN,1.30372,0.5306282510621710
519,5600.0,MN,55901,4.0,1.0,0.0,4.0,Y,OLMSTED,1.27526,1.8718021769015900
520,5601.0,MN,55901,4.0,1.0,0.0,4.0,Y,OLMSTED,1.27526,1.5040773967762700
521,5602.0,MN,55901,4.0,1.0,0.0,1.0,Y,OLMSTED,1.27526,2.424802725718300
522,5603.0,MN,55901,4.0,1.0,0.0,0.0,Y,OLMSTED,1.27526,2.312535423847210
523,5604.0,MN,55901,4.0,2.0,0.0,4.0,Y,OLMSTED,1.27526,1.5260563034950500
524,5605.0,MN,55901,4.0,1.0,0.0,2.0,Y,OLMSTED,1.27526,2.0918640616783900
525,5606.0,MN,55901,4.0,1.0,0.0,2.0,Y,OLMSTED,1.27526,0.8754687373539000
526,5607.0,MN,55901,4.0,1.0,0.0,4.0,Y,OLMSTED,1.27526,1.1939224684724300
527,5608.0,MN,55901,4.0,1.0,0.0,4.0,Y,OLMSTED,1.27526,1.62924053973028
528,5609.0,MN,55901,4.0,1.0,0.0,1.0,Y,OLMSTED,1.27526,1.4350845252893200
529,5610.0,MN,55902,4.0,1.0,0.0,2.0,Y,OLMSTED,1.27526,0.1823215567939550
530,5611.0,MN,55904,4.0,5.0,0.0,4.0,Y,OLMSTED,1.27526,0.7419373447293770
531,5612.0,MN,55904,4.0,1.0,1.0,3.0,Y,OLMSTED,1.27526,0.1823215567939550
532,5613.0,MN,55904,4.0,1.0,0.0,4.0,Y,OLMSTED,1.27526,1.0986122886681100
533,5614.0,MN,55904,4.0,1.0,0.0,4.0,Y,OLMSTED,1.27526,0.7884573603642700
534,5615.0,MN,55904,4.0,1.0,0.0,2.0,Y,OLMSTED,1.27526,2.0668627594729800
535,5616.0,MN,55904,4.0,1.0,0.0,4.0,Y,OLMSTED,1.27526,1.3609765531356000
536,5617.0,MN,55904,4.0,1.0,0.0,2.0,Y,OLMSTED,1.27526,0.9555114450274360
537,5618.0,MN,55904,4.0,1.0,0.0,4.0,Y,OLMSTED,1.27526,1.0986122886681100
538,5619.0,MN,55904,4.0,5.0,1.0,3.0,N,OLMSTED,1.27526,0.5877866649021190
539,5620.0,MN,55929,4.0,1.0,0.0,1.0,Y,OLMSTED,1.27526,0.9555114450274360
540,5621.0,MN,55932,4.0,1.0,0.0,4.0,N,OLMSTED,1.27526,2.2512917986065000
541,5622.0,MN,55976,4.0,1.0,1.0,3.0,N,OLMSTED,1.27526,-0.35667494393873200
542,5623.0,MN,56515,2.0,1.0,0.0,4.0,Y,OTTER TAIL,0.814867,1.0296194171811600
543,5624.0,MN,56515,2.0,1.0,1.0,3.0,N,OTTER TAIL,0.814867,0.1823215567939550
544,5625.0,MN,56537,2.0,1.0,1.0,3.0,Y,OTTER TAIL,0.814867,0.7884573603642700
545,5626.0,MN,56537,2.0,1.0,0.0,4.0,Y,OTTER TAIL,0.814867,2.4932054526027000
546,5627.0,MN,56567,2.0,1.0,1.0,3.0,N,OTTER TAIL,0.814867,2.5416019934645500
547,5628.0,MN,56572,2.0,1.0,0.0,4.0,Y,OTTER TAIL,0.814867,1.1939224684724300
548,5629.0,MN,56586,2.0,1.0,0.0,4.0,Y,OTTER TAIL,0.814867,1.4586150226995200
549,5630.0,MN,56588,2.0,1.0,0.0,7.0,Y,OTTER TAIL,0.814867,1.3609765531356000
550,5631.0,MN,56701,2.0,1.0,1.0,3.0,Y,PENNINGTON,0.9286460000000000,1.3350010667323400
551,5632.0,MN,56701,2.0,1.0,0.0,4.0,Y,PENNINGTON,0.9286460000000000,1.7749523509116700
552,5633.0,MN,56701,2.0,1.0,1.0,3.0,Y,PENNINGTON,0.9286460000000000,-0.916290731874155
553,5634.0,MN,55063,5.0,1.0,0.0,2.0,Y,PINE,0.8493430000000000,1.4350845252893200
554,5635.0,MN,55063,5.0,1.0,0.0,4.0,Y,PINE,0.8493430000000000,1.0647107369924300
555,5636.0,MN,55704,5.0,1.0,0.0,4.0,Y,PINE,0.8493430000000000,0.6931471805599450
556,5637.0,MN,55704,5.0,1.0,1.0,3.0,Y,PINE,0.8493430000000000,0.26236426446749100
557,5638.0,MN,55767,5.0,1.0,0.0,5.0,Y,PINE,0.8493430000000000,0.26236426446749100
558,5639.0,MN,55783,5.0,1.0,0.0,4.0,Y,PINE,0.8493430000000000,0.47000362924573600
559,5640.0,MN,56144,5.0,1.0,0.0,4.0,Y,PIPESTONE,1.61382,2.2512917986065000
560,5641.0,MN,56164,5.0,2.0,0.0,4.0,Y,PIPESTONE,1.61382,0.5877866649021190
561,5642.0,MN,56164,5.0,2.0,0.0,4.0,Y,PIPESTONE,1.61382,2.501435951739210
562,5643.0,MN,56164,5.0,1.0,1.0,3.0,Y,PIPESTONE,1.61382,1.4816045409242200
563,5644.0,MN,56540,2.0,1.0,0.0,4.0,Y,POLK,1.3048800000000000,1.9459101490553100
564,5645.0,MN,56556,2.0,1.0,1.0,7.0,Y,POLK,1.3048800000000000,0.4054651081081640
565,5646.0,MN,56684,2.0,1.0,1.0,1.0,N,POLK,1.3048800000000000,0.9555114450274360
566,5647.0,MN,56716,2.0,1.0,0.0,2.0,Y,POLK,1.3048800000000000,2.272125885509340
567,5648.0,MN,56334,5.0,1.0,0.0,2.0,Y,POPE,1.32465,1.3609765531356000
568,5649.0,MN,56381,5.0,1.0,0.0,4.0,Y,POPE,1.32465,1.252762968495370
569,5650.0,MN,55101,3.0,1.0,0.0,4.0,Y,RAMSEY,0.658327,1.9315214116032100
570,5651.0,MN,55101,3.0,1.0,0.0,4.0,Y,RAMSEY,0.658327,1.308332819650180
571,5652.0,MN,55102,3.0,1.0,0.0,4.0,Y,RAMSEY,0.658327,0.8329091229351040
572,5653.0,MN,55102,3.0,2.0,0.0,4.0,Y,RAMSEY,0.658327,0.9932517730102830
573,5654.0,MN,55103,3.0,1.0,0.0,4.0,Y,RAMSEY,0.658327,0.7884573603642700
574,5655.0,MN,55105,3.0,1.0,0.0,4.0,Y,RAMSEY,0.658327,1.9600947840472700
575,5656.0,MN,55105,3.0,1.0,0.0,4.0,Y,RAMSEY,0.658327,0.26236426446749100
576,5657.0,MN,55106,3.0,1.0,0.0,4.0,Y,RAMSEY,0.658327,1.3609765531356000
577,5658.0,MN,55106,3.0,1.0,0.0,4.0,Y,RAMSEY,0.658327,1.2809338454620600
578,5659.0,MN,55106,3.0,1.0,0.0,2.0,Y,RAMSEY,0.658327,1.4586150226995200
579,5660.0,MN,55107,3.0,2.0,1.0,1.0,Y,RAMSEY,0.658327,0.5306282510621710
580,5661.0,MN,55107,3.0,1.0,1.0,3.0,Y,RAMSEY,0.658327,1.0647107369924300
581,5662.0,MN,55108,3.0,1.0,0.0,7.0,Y,RAMSEY,0.658327,2.163323025660540
582,5663.0,MN,55108,3.0,1.0,0.0,4.0,Y,RAMSEY,0.658327,1.840549633397490
583,5664.0,MN,55109,3.0,1.0,0.0,4.0,Y,RAMSEY,0.658327,1.667706820558080
584,5665.0,MN,55110,3.0,1.0,0.0,4.0,Y,RAMSEY,0.658327,1.0296194171811600
585,5666.0,MN,55112,3.0,1.0,0.0,4.0,Y,RAMSEY,0.658327,0.26236426446749100
586,5667.0,MN,55112,3.0,1.0,0.0,2.0,Y,RAMSEY,0.658327,1.2809338454620600
587,5668.0,MN,55113,3.0,1.0,0.0,2.0,Y,RAMSEY,0.658327,1.7227665977411000
588,5669.0,MN,55116,3.0,1.0,1.0,1.0,Y,RAMSEY,0.658327,2.322387720290230
589,5670.0,MN,55116,3.0,1.0,0.0,7.0,Y,RAMSEY,0.658327,1.7227665977411000
590,5671.0,MN,55116,3.0,1.0,0.0,2.0,Y,RAMSEY,0.658327,0.26236426446749100
591,5672.0,MN,55117,3.0,1.0,0.0,2.0,Y,RAMSEY,0.658327,1.6094379124341000
592,5673.0,MN,55119,3.0,1.0,0.0,7.0,Y,RAMSEY,0.658327,1.410986973710260
593,5674.0,MN,55119,3.0,1.0,0.0,4.0,Y,RAMSEY,0.658327,1.2809338454620600
594,5675.0,MN,55119,3.0,1.0,0.0,4.0,Y,RAMSEY,0.658327,0.9555114450274360
595,5676.0,MN,55119,3.0,1.0,0.0,2.0,Y,RAMSEY,0.658327,0.26236426446749100
596,5677.0,MN,55119,3.0,1.0,0.0,1.0,Y,RAMSEY,0.658327,1.0296194171811600
597,5678.0,MN,55126,3.0,1.0,0.0,4.0,Y,RAMSEY,0.658327,0.5877866649021190
598,5679.0,MN,55126,3.0,1.0,0.0,2.0,Y,RAMSEY,0.658327,1.1631508098056800
599,5680.0,MN,55126,3.0,1.0,0.0,2.0,N,RAMSEY,0.658327,-0.22314355131421000
600,5681.0,MN,55126,3.0,2.0,0.0,4.0,Y,RAMSEY,0.658327,0.09531017980432490
601,5682.0,MN,56152,5.0,1.0,0.0,4.0,Y,REDWOOD,1.44242,0.6931471805599450
602,5683.0,MN,56152,5.0,1.0,0.0,4.0,Y,REDWOOD,1.44242,1.3609765531356000
603,5684.0,MN,56214,5.0,1.0,0.0,4.0,Y,REDWOOD,1.44242,2.1972245773362200
604,5685.0,MN,56283,5.0,1.0,0.0,2.0,Y,REDWOOD,1.44242,2.0149030205422600
605,5686.0,MN,56283,5.0,1.0,1.0,2.0,Y,REDWOOD,1.44242,3.0349529867072700
606,5687.0,MN,55310,5.0,1.0,0.0,4.0,Y,RENVILLE,1.4631300000000000,1.8082887711792700
607,5688.0,MN,55314,5.0,1.0,0.0,4.0,Y,RENVILLE,1.4631300000000000,0.7884573603642700
608,5689.0,MN,56230,5.0,1.0,1.0,2.0,N,RENVILLE,1.4631300000000000,1.7749523509116700
609,5690.0,MN,55021,4.0,1.0,0.0,4.0,Y,RICE,1.21306,2.282382385676530
610,5691.0,MN,55021,4.0,1.0,0.0,3.0,Y,RICE,1.21306,1.8718021769015900
611,5692.0,MN,55021,4.0,1.0,0.0,7.0,Y,RICE,1.21306,1.5475625087160100
612,5693.0,MN,55021,4.0,1.0,0.0,4.0,Y,RICE,1.21306,1.7404661748405000
613,5694.0,MN,55021,4.0,1.0,0.0,1.0,Y,RICE,1.21306,2.9496883350525800
614,5695.0,MN,55021,4.0,1.0,1.0,3.0, ,RICE,1.21306,0.9162907318741550
615,5696.0,MN,55046,4.0,1.0,0.0,4.0,Y,RICE,1.21306,1.1314021114911000
616,5697.0,MN,55046,4.0,1.0,0.0,4.0,Y,RICE,1.21306,1.6486586255873800
617,5698.0,MN,55057,4.0,1.0,0.0,4.0,Y,RICE,1.21306,2.0541237336955500
618,5699.0,MN,55057,4.0,1.0,0.0,4.0,Y,RICE,1.21306,2.1041341542702100
619,5700.0,MN,55946,4.0,1.0,0.0,5.0,Y,RICE,1.21306,1.5686159179138500
620,5701.0,MN,56156,5.0,1.0,0.0,4.0,Y,ROCK,1.6955800000000000,2.1400661634962700
621,5702.0,MN,56156,5.0,1.0,0.0,4.0,Y,ROCK,1.6955800000000000,0.5306282510621710
622,5703.0,MN,56726,2.0,1.0,1.0,7.0,Y,ROSEAU,0.808928,1.8082887711792700
623,5704.0,MN,56726,2.0,1.0,1.0,3.0,Y,ROSEAU,0.808928,0.1823215567939550
624,5705.0,MN,56751,2.0,1.0,0.0,4.0,Y,ROSEAU,0.808928,2.4423470353692000
625,5706.0,MN,56751,2.0,1.0,1.0,3.0,N,ROSEAU,0.808928,1.4816045409242200
626,5707.0,MN,56751,2.0,1.0,1.0,3.0,N,ROSEAU,0.808928,1.308332819650180
627,5708.0,MN,56751,2.0,1.0,0.0,2.0,Y,ROSEAU,0.808928,2.341805806147330
628,5709.0,MN,56751,2.0,1.0,1.0,4.0,Y,ROSEAU,0.808928,1.252762968495370
629,5710.0,MN,56751,2.0,1.0,0.0,4.0,Y,ROSEAU,0.808928,1.1631508098056800
630,5711.0,MN,56756,2.0,1.0,0.0,4.0,Y,ROSEAU,0.808928,1.308332819650180
631,5712.0,MN,56759,2.0,1.0,0.0,4.0,Y,ROSEAU,0.808928,1.0296194171811600
632,5713.0,MN,56759,2.0,1.0,0.0,2.0,Y,ROSEAU,0.808928,1.410986973710260
633,5714.0,MN,56763,2.0,1.0,1.0,0.0,N,ROSEAU,0.808928,0.26236426446749100
634,5715.0,MN,56763,2.0,1.0,1.0,3.0,N,ROSEAU,0.808928,0.5877866649021190
635,5716.0,MN,56763,2.0,1.0,1.0,3.0,N,ROSEAU,0.808928,1.4586150226995200
636,5717.0,MN,55044,5.0,0.0,1.0,0.0, ,SCOTT,1.06515,2.9652730660692800
637,5718.0,MN,55044,5.0,1.0,1.0,1.0,N,SCOTT,1.06515,2.2192034840549900
638,5719.0,MN,55352,5.0,1.0,0.0,2.0,Y,SCOTT,1.06515,0.7419373447293770
639,5720.0,MN,55352,5.0,1.0,0.0,4.0,Y,SCOTT,1.06515,2.4423470353692000
640,5721.0,MN,55372,5.0,1.0,0.0,4.0,Y,SCOTT,1.06515,2.33214389523559
641,5722.0,MN,55372,5.0,1.0,1.0,2.0,Y,SCOTT,1.06515,0.7884573603642700
642,5723.0,MN,55372,5.0,1.0,0.0,5.0,Y,SCOTT,1.06515,0.26236426446749100
643,5724.0,MN,55378,5.0,1.0,0.0,4.0,Y,SCOTT,1.06515,1.1939224684724300
644,5725.0,MN,55379,5.0,1.0,1.0,3.0, ,SCOTT,1.06515,0.7419373447293770
645,5726.0,MN,55379,5.0,1.0,0.0,4.0,Y,SCOTT,1.06515,1.4816045409242200
646,5727.0,MN,56071,5.0,0.0,0.0,0.0, ,SCOTT,1.06515,0.8329091229351040
647,5728.0,MN,56071,5.0,2.0,0.0,4.0,Y,SCOTT,1.06515,1.7047480922384300
648,5729.0,MN,56071,5.0,1.0,0.0,4.0,Y,SCOTT,1.06515,3.2308043957334700
649,5730.0,MN,55308,5.0,1.0,0.0,4.0,Y,SHERBURNE,0.504879,1.6486586255873800
650,5731.0,MN,55319,5.0,1.0,0.0,2.0,Y,SHERBURNE,0.504879,0.8754687373539000
651,5732.0,MN,55330,5.0,1.0,0.0,2.0,Y,SHERBURNE,0.504879,1.1939224684724300
652,5733.0,MN,55330,5.0,1.0,0.0,1.0, ,SHERBURNE,0.504879,0.9555114450274360
653,5734.0,MN,55398,5.0,1.0,0.0,4.0,Y,SHERBURNE,0.504879,1.0647107369924300
654,5735.0,MN,55398,5.0,1.0,0.0,4.0,Y,SHERBURNE,0.504879,1.1631508098056800
655,5736.0,MN,56304,5.0,1.0,0.0,2.0,Y,SHERBURNE,0.504879,0.5306282510621710
656,5737.0,MN,56304,5.0,1.0,0.0,4.0,Y,SHERBURNE,0.504879,1.5686159179138500
657,5738.0,MN,55366,5.0,1.0,0.0,4.0,Y,SIBLEY,1.2677100000000000,1.410986973710260
658,5739.0,MN,55396,5.0,1.0,0.0,7.0,Y,SIBLEY,1.2677100000000000,1.62924053973028
659,5740.0,MN,56044,5.0,1.0,0.0,4.0,Y,SIBLEY,1.2677100000000000,0.47000362924573600
660,5741.0,MN,56044,5.0,1.0,0.0,4.0,Y,SIBLEY,1.2677100000000000,1.5892352051165800
661,5742.0,MN,55702,1.0,1.0,0.0,4.0,Y,ST LOUIS,0.622088,-0.10536051565782600
662,5743.0,MN,55705,1.0,1.0,1.0,3.0, ,ST LOUIS,0.622088,-0.5108256237659910
663,5744.0,MN,55705,1.0,1.0,0.0,4.0,Y,ST LOUIS,0.622088,0.9162907318741550
664,5745.0,MN,55706,1.0,1.0,0.0,4.0,Y,ST LOUIS,0.622088,0.8754687373539000
665,5746.0,MN,55706,1.0,1.0,0.0,2.0,Y,ST LOUIS,0.622088,1.5475625087160100
666,5747.0,MN,55706,1.0,1.0,0.0,7.0,Y,ST LOUIS,0.622088,2.4069451083182900
667,5748.0,MN,55706,1.0,1.0,0.0,2.0,Y,ST LOUIS,0.622088,2.70805020110221
668,5749.0,MN,55710,1.0,0.0,0.0,0.0, ,ST LOUIS,0.622088,2.163323025660540
669,5750.0,MN,55713,1.0,1.0,0.0,4.0,Y,ST LOUIS,0.622088,1.5260563034950500
670,5751.0,MN,55719,1.0,1.0,0.0,4.0,Y,ST LOUIS,0.622088,0.47000362924573600
671,5752.0,MN,55719,1.0,1.0,0.0,4.0,Y,ST LOUIS,0.622088,1.3862943611198900
672,5753.0,MN,55719,1.0,1.0,0.0,4.0,Y,ST LOUIS,0.622088,0.6418538861723950
673,5754.0,MN,55719,1.0,1.0,0.0,4.0,Y,ST LOUIS,0.622088,0.5306282510621710
674,5755.0,MN,55723,1.0,1.0,0.0,3.0,N,ST LOUIS,0.622088,-0.5108256237659910
675,5756.0,MN,55724,1.0,1.0,1.0,3.0,N,ST LOUIS,0.622088,-0.6931471805599450
676,5757.0,MN,55731,1.0,1.0,1.0,3.0,Y,ST LOUIS,0.622088,-0.5108256237659910
677,5758.0,MN,55731,1.0,1.0,0.0,2.0,Y,ST LOUIS,0.622088,2.1747517214841600
678,5759.0,MN,55732,1.0,1.0,1.0,1.0,Y,ST LOUIS,0.622088,0.5306282510621710
679,5760.0,MN,55734,1.0,1.0,0.0,7.0,Y,ST LOUIS,0.622088,0.4054651081081640
680,5761.0,MN,55734,1.0,1.0,0.0,2.0,Y,ST LOUIS,0.622088,2.1747517214841600
681,5762.0,MN,55734,1.0,1.0,0.0,4.0,Y,ST LOUIS,0.622088,2.4159137783010500
682,5763.0,MN,55734,1.0,1.0,0.0,4.0,Y,ST LOUIS,0.622088,0.47000362924573600
683,5764.0,MN,55734,1.0,1.0,0.0,4.0,Y,ST LOUIS,0.622088,0.1823215567939550
684,5765.0,MN,55741,1.0,1.0,1.0,3.0,Y,ST LOUIS,0.622088,0.0
685,5766.0,MN,55746,1.0,1.0,0.0,4.0,Y,ST LOUIS,0.622088,-0.22314355131421000
686,5767.0,MN,55746,1.0,1.0,0.0,2.0,Y,ST LOUIS,0.622088,1.4586150226995200
687,5768.0,MN,55746,1.0,1.0,0.0,3.0,Y,ST LOUIS,0.622088,1.252762968495370
688,5769.0,MN,55746,1.0,1.0,1.0,7.0,Y,ST LOUIS,0.622088,0.7884573603642700
689,5770.0,MN,55746,1.0,1.0,0.0,0.0,Y,ST LOUIS,0.622088,1.0986122886681100
690,5771.0,MN,55746,1.0,1.0,0.0,2.0,Y,ST LOUIS,0.622088,0.6418538861723950
691,5772.0,MN,55746,1.0,1.0,0.0,4.0,Y,ST LOUIS,0.622088,0.6418538861723950
692,5773.0,MN,55746,1.0,1.0,0.0,4.0,Y,ST LOUIS,0.622088,0.9162907318741550
693,5774.0,MN,55746,1.0,1.0,0.0,2.0,Y,ST LOUIS,0.622088,0.5877866649021190
694,5775.0,MN,55746,1.0,1.0,1.0,3.0,Y,ST LOUIS,0.622088,-0.10536051565782600
695,5776.0,MN,55746,1.0,1.0,0.0,7.0,Y,ST LOUIS,0.622088,2.468099531471620
696,5777.0,MN,55750,1.0,1.0,0.0,2.0,Y,ST LOUIS,0.622088,0.6418538861723950
697,5778.0,MN,55750,1.0,1.0,0.0,4.0,Y,ST LOUIS,0.622088,1.0647107369924300
698,5779.0,MN,55751,1.0,1.0,1.0,3.0,Y,ST LOUIS,0.622088,1.2809338454620600
699,5780.0,MN,55763,1.0,1.0,0.0,4.0,Y,ST LOUIS,0.622088,1.308332819650180
700,5781.0,MN,55763,1.0,1.0,0.0,4.0,Y,ST LOUIS,0.622088,1.2809338454620600
701,5782.0,MN,55765,1.0,1.0,0.0,4.0,Y,ST LOUIS,0.622088,1.1314021114911000
702,5783.0,MN,55765,1.0,1.0,1.0,3.0,Y,ST LOUIS,0.622088,1.1939224684724300
703,5784.0,MN,55765,1.0,1.0,0.0,4.0,Y,ST LOUIS,0.622088,1.1631508098056800
704,5785.0,MN,55768,1.0,1.0,0.0,2.0,Y,ST LOUIS,0.622088,1.2237754316221200
705,5786.0,MN,55771,1.0,1.0,1.0,3.0,N,ST LOUIS,0.622088,0.5877866649021190
706,5787.0,MN,55779,1.0,1.0,0.0,4.0,Y,ST LOUIS,0.622088,1.7404661748405000
707,5788.0,MN,55779,1.0,1.0,0.0,2.0,Y,ST LOUIS,0.622088,1.252762968495370
708,5789.0,MN,55782,1.0,1.0,0.0,7.0,Y,ST LOUIS,0.622088,0.47000362924573600
709,5790.0,MN,55782,1.0,1.0,0.0,2.0,Y,ST LOUIS,0.622088,3.475067230228610
710,5791.0,MN,55792,1.0,1.0,0.0,4.0,Y,ST LOUIS,0.622088,0.1823215567939550
711,5792.0,MN,55792,1.0,1.0,0.0,4.0,Y,ST LOUIS,0.622088,0.7884573603642700
712,5793.0,MN,55792,1.0,1.0,0.0,4.0,Y,ST LOUIS,0.622088,-0.10536051565782600
713,5794.0,MN,55792,1.0,1.0,0.0,4.0,Y,ST LOUIS,0.622088,0.47000362924573600
714,5795.0,MN,55792,1.0,1.0,0.0,2.0,Y,ST LOUIS,0.622088,0.336472236621213
715,5796.0,MN,55792,1.0,1.0,0.0,4.0,Y,ST LOUIS,0.622088,1.1631508098056800
716,5797.0,MN,55792,1.0,1.0,0.0,4.0,Y,ST LOUIS,0.622088,1.9878743481543500
717,5798.0,MN,55792,1.0,1.0,0.0,4.0,Y,ST LOUIS,0.622088,0.4054651081081640
718,5799.0,MN,55792,1.0,1.0,0.0,4.0,Y,ST LOUIS,0.622088,0.336472236621213
719,5800.0,MN,55803,1.0,1.0,0.0,4.0,Y,ST LOUIS,0.622088,0.47000362924573600
720,5801.0,MN,55803,1.0,1.0,0.0,2.0,Y,ST LOUIS,0.622088,1.62924053973028
721,5802.0,MN,55803,1.0,1.0,0.0,2.0,Y,ST LOUIS,0.622088,0.8754687373539000
722,5803.0,MN,55803,1.0,0.0,0.0,0.0, ,ST LOUIS,0.622088,0.9162907318741550
723,5804.0,MN,55803,1.0,1.0,0.0,7.0,Y,ST LOUIS,0.622088,0.26236426446749100
724,5805.0,MN,55803,1.0,1.0,0.0,4.0,Y,ST LOUIS,0.622088,1.7047480922384300
725,5806.0,MN,55804,1.0,1.0,0.0,2.0,Y,ST LOUIS,0.622088,0.1823215567939550
726,5807.0,MN,55804,1.0,1.0,0.0,4.0,Y,ST LOUIS,0.622088,0.4054651081081640
727,5808.0,MN,55804,1.0,1.0,1.0,2.0,Y,ST LOUIS,0.622088,1.9878743481543500
728,5809.0,MN,55804,1.0,1.0,0.0,4.0,Y,ST LOUIS,0.622088,0.1823215567939550
729,5810.0,MN,55804,1.0,1.0,0.0,4.0,Y,ST LOUIS,0.622088,1.2237754316221200
730,5811.0,MN,55804,1.0,1.0,0.0,4.0,Y,ST LOUIS,0.622088,1.1939224684724300
731,5812.0,MN,55804,1.0,1.0,0.0,4.0,Y,ST LOUIS,0.622088,0.47000362924573600
732,5813.0,MN,55804,1.0,1.0,0.0,0.0,Y,ST LOUIS,0.622088,1.308332819650180
733,5814.0,MN,55804,1.0,1.0,0.0,4.0,Y,ST LOUIS,0.622088,-0.10536051565782600
734,5815.0,MN,55804,1.0,1.0,0.0,2.0,Y,ST LOUIS,0.622088,0.5306282510621710
735,5816.0,MN,55804,1.0,1.0,0.0,4.0,Y,ST LOUIS,0.622088,0.4054651081081640
736,5817.0,MN,55804,1.0,1.0,0.0,2.0,Y,ST LOUIS,0.622088,1.0296194171811600
737,5818.0,MN,55804,1.0,1.0,0.0,4.0,Y,ST LOUIS,0.622088,1.2237754316221200
738,5819.0,MN,55804,1.0,1.0,0.0,4.0,Y,ST LOUIS,0.622088,0.0
739,5820.0,MN,55805,1.0,1.0,0.0,3.0,Y,ST LOUIS,0.622088,-0.35667494393873200
740,5821.0,MN,55805,1.0,1.0,0.0,3.0,Y,ST LOUIS,0.622088,0.7419373447293770
741,5822.0,MN,55805,1.0,1.0,0.0,4.0,Y,ST LOUIS,0.622088,0.6931471805599450
742,5823.0,MN,55806,1.0,1.0,0.0,4.0,Y,ST LOUIS,0.622088,0.0
743,5824.0,MN,55806,1.0,1.0,0.0,0.0,Y,ST LOUIS,0.622088,1.7047480922384300
744,5825.0,MN,55806,1.0,1.0,0.0,4.0,Y,ST LOUIS,0.622088,0.47000362924573600
745,5826.0,MN,55807,1.0,1.0,0.0,4.0,Y,ST LOUIS,0.622088,1.1631508098056800
746,5827.0,MN,55807,1.0,1.0,0.0,0.0,Y,ST LOUIS,0.622088,0.6418538861723950
747,5828.0,MN,55807,1.0,1.0,1.0,3.0,N,ST LOUIS,0.622088,0.0
748,5829.0,MN,55807,1.0,1.0,0.0,5.0,Y,ST LOUIS,0.622088,1.2237754316221200
749,5830.0,MN,55807,1.0,1.0,0.0,4.0,Y,ST LOUIS,0.622088,0.5877866649021190
750,5831.0,MN,55807,1.0,1.0,0.0,2.0,Y,ST LOUIS,0.622088,1.1631508098056800
751,5832.0,MN,55807,1.0,1.0,1.0,3.0,Y,ST LOUIS,0.622088,-0.22314355131421000
752,5833.0,MN,55807,1.0,1.0,0.0,4.0,Y,ST LOUIS,0.622088,1.4816045409242200
753,5834.0,MN,55807,1.0,1.0,0.0,4.0,Y,ST LOUIS,0.622088,0.4054651081081640
754,5835.0,MN,55807,1.0,1.0,0.0,2.0,Y,ST LOUIS,0.622088,0.6418538861723950
755,5836.0,MN,55808,1.0,0.0,0.0,2.0,Y,ST LOUIS,0.622088,0.47000362924573600
756,5837.0,MN,55808,1.0,1.0,1.0,3.0,Y,ST LOUIS,0.622088,0.8329091229351040
757,5838.0,MN,55808,1.0,1.0,0.0,7.0,Y,ST LOUIS,0.622088,0.9162907318741550
758,5839.0,MN,55808,1.0,1.0,0.0,4.0,Y,ST LOUIS,0.622088,1.0296194171811600
759,5840.0,MN,55810,1.0,1.0,0.0,4.0,Y,ST LOUIS,0.622088,0.5877866649021190
760,5841.0,MN,55810,1.0,1.0,1.0,3.0,N,ST LOUIS,0.622088,0.1823215567939550
761,5842.0,MN,55810,1.0,1.0,1.0,3.0,Y,ST LOUIS,0.622088,0.6418538861723950
762,5843.0,MN,55810,1.0,1.0,0.0,4.0,Y,ST LOUIS,0.622088,-1.203972804325940
763,5844.0,MN,55811,1.0,1.0,0.0,4.0,Y,ST LOUIS,0.622088,0.8329091229351040
764,5845.0,MN,55811,1.0,1.0,0.0,4.0,Y,ST LOUIS,0.622088,1.5475625087160100
765,5846.0,MN,55811,1.0,1.0,0.0,2.0,Y,ST LOUIS,0.622088,0.7884573603642700
766,5847.0,MN,55811,1.0,1.0,0.0,4.0,Y,ST LOUIS,0.622088,0.7419373447293770
767,5848.0,MN,55811,1.0,1.0,0.0,4.0,Y,ST LOUIS,0.622088,-0.22314355131421000
768,5849.0,MN,55811,1.0,1.0,0.0,2.0,Y,ST LOUIS,0.622088,1.8718021769015900
769,5850.0,MN,55811,1.0,1.0,0.0,4.0,Y,ST LOUIS,0.622088,1.1314021114911000
770,5851.0,MN,55811,1.0,1.0,0.0,2.0,Y,ST LOUIS,0.622088,0.7419373447293770
771,5852.0,MN,55812,1.0,1.0,0.0,7.0,Y,ST LOUIS,0.622088,0.0
772,5853.0,MN,55812,1.0,1.0,0.0,4.0,Y,ST LOUIS,0.622088,1.2237754316221200
773,5854.0,MN,55812,1.0,5.0,0.0,4.0,Y,ST LOUIS,0.622088,0.6418538861723950
774,5855.0,MN,55812,1.0,1.0,0.0,4.0,Y,ST LOUIS,0.622088,0.6418538861723950
775,5856.0,MN,55812,1.0,1.0,0.0,4.0,Y,ST LOUIS,0.622088,0.8329091229351040
776,5857.0,MN,55972,1.0,1.0,0.0,4.0,Y,ST LOUIS,0.622088,1.4816045409242200
777,5858.0,MN,55320,2.0,1.0,0.0,1.0,N,STEARNS,1.12344,2.028148247292290
778,5859.0,MN,56301,2.0,1.0,0.0,7.0,Y,STEARNS,1.12344,1.8718021769015900
779,5860.0,MN,56301,2.0,1.0,0.0,4.0,Y,STEARNS,1.12344,2.128231705849270
780,5861.0,MN,56301,2.0,1.0,0.0,3.0,N,STEARNS,1.12344,0.7884573603642700
781,5862.0,MN,56301,2.0,1.0,0.0,4.0,Y,STEARNS,1.12344,1.2237754316221200
782,5863.0,MN,56301,2.0,1.0,0.0,2.0,Y,STEARNS,1.12344,0.336472236621213
783,5864.0,MN,56301,2.0,1.0,0.0,4.0,Y,STEARNS,1.12344,1.62924053973028
784,5865.0,MN,56301,2.0,1.0,1.0,3.0,Y,STEARNS,1.12344,0.09531017980432490
785,5866.0,MN,56303,2.0,1.0,0.0,4.0,Y,STEARNS,1.12344,1.9600947840472700
786,5867.0,MN,56303,2.0,1.0,0.0,2.0,Y,STEARNS,1.12344,1.7578579175523700
787,5868.0,MN,56303,2.0,1.0,0.0,7.0, ,STEARNS,1.12344,2.322387720290230
788,5869.0,MN,56303,2.0,1.0,0.0,2.0,Y,STEARNS,1.12344,1.9021075263969200
789,5870.0,MN,56303,2.0,1.0,1.0,5.0,Y,STEARNS,1.12344,0.9932517730102830
790,5871.0,MN,56307,2.0,1.0,0.0,4.0,Y,STEARNS,1.12344,1.2237754316221200
791,5872.0,MN,56307,2.0,1.0,1.0,3.0,Y,STEARNS,1.12344,0.47000362924573600
792,5873.0,MN,56310,2.0,1.0,0.0,4.0,Y,STEARNS,1.12344,1.62924053973028
793,5874.0,MN,56310,2.0,1.0,0.0,4.0,Y,STEARNS,1.12344,2.0149030205422600
794,5875.0,MN,56320,2.0,1.0,0.0,2.0,Y,STEARNS,1.12344,2.681021528714290
795,5876.0,MN,56320,2.0,1.0,0.0,3.0,Y,STEARNS,1.12344,0.6418538861723950
796,5877.0,MN,56320,2.0,1.0,0.0,2.0,Y,STEARNS,1.12344,2.0149030205422600
797,5878.0,MN,56340,2.0,1.0,0.0,4.0,Y,STEARNS,1.12344,0.9932517730102830
798,5879.0,MN,56368,2.0,1.0,0.0,4.0,Y,STEARNS,1.12344,1.3350010667323400
799,5880.0,MN,56374,2.0,1.0,0.0,2.0,N,STEARNS,1.12344,0.6931471805599450
800,5881.0,MN,56378,2.0,1.0,1.0,3.0,Y,STEARNS,1.12344,0.8329091229351040
801,5882.0,MN,56379,2.0,1.0,0.0,4.0,Y,STEARNS,1.12344,1.62924053973028
802,5883.0,MN,55060,4.0,1.0,0.0,7.0,Y,STEELE,1.30971,2.001480000210120
803,5884.0,MN,55060,4.0,1.0,0.0,4.0,Y,STEELE,1.30971,1.3350010667323400
804,5885.0,MN,55060,4.0,1.0,0.0,4.0,Y,STEELE,1.30971,1.0986122886681100
805,5886.0,MN,55060,4.0,1.0,0.0,2.0,Y,STEELE,1.30971,1.5040773967762700
806,5887.0,MN,55060,4.0,1.0,0.0,4.0,Y,STEELE,1.30971,2.1400661634962700
807,5888.0,MN,55060,4.0,1.0,0.0,4.0,Y,STEELE,1.30971,1.6486586255873800
808,5889.0,MN,55060,4.0,1.0,0.0,4.0,Y,STEELE,1.30971,1.308332819650180
809,5890.0,MN,55917,4.0,1.0,0.0,2.0,Y,STEELE,1.30971,0.47000362924573600
810,5891.0,MN,56072,4.0,1.0,0.0,4.0,Y,STEELE,1.30971,2.163323025660540
811,5892.0,MN,56093,4.0,1.0,0.0,2.0,Y,STEELE,1.30971,2.3702437414678600
812,5893.0,MN,56221,5.0,1.0,0.0,2.0,Y,STEVENS,1.60124,2.0918640616783900
813,5894.0,MN,56267,5.0,1.0,0.0,4.0,Y,STEVENS,1.60124,1.5260563034950500
814,5895.0,MN,56215,5.0,1.0,0.0,7.0,Y,SWIFT,1.3716700000000000,1.1314021114911000
815,5896.0,MN,56215,5.0,1.0,0.0,2.0,Y,SWIFT,1.3716700000000000,0.9162907318741550
816,5897.0,MN,56215,5.0,1.0,0.0,0.0,Y,SWIFT,1.3716700000000000,0.47000362924573600
817,5898.0,MN,56252,5.0,1.0,0.0,4.0,Y,SWIFT,1.3716700000000000,1.5892352051165800
818,5899.0,MN,56336,2.0,1.0,0.0,4.0,Y,TODD,0.95424,1.9315214116032100
819,5900.0,MN,56347,2.0,1.0,0.0,4.0,Y,TODD,0.95424,0.7884573603642700
820,5901.0,MN,56347,2.0,1.0,1.0,3.0,Y,TODD,0.95424,1.8082887711792700
821,5902.0,MN,56236,5.0,1.0,1.0,3.0,Y,TRAVERSE,1.6447600000000000,1.0986122886681100
822,5903.0,MN,56292,5.0,1.0,0.0,4.0,Y,TRAVERSE,1.6447600000000000,1.916922612182060
823,5904.0,MN,56296,5.0,1.0,0.0,4.0,Y,TRAVERSE,1.6447600000000000,2.9652730660692800
824,5905.0,MN,56296,5.0,1.0,0.0,7.0,Y,TRAVERSE,1.6447600000000000,1.410986973710260
825,5906.0,MN,55041,4.0,0.0,0.0,0.0, ,WABASHA,1.16193,1.791759469228060
826,5907.0,MN,55041,4.0,1.0,0.0,4.0,Y,WABASHA,1.16193,2.2082744135228000
827,5908.0,MN,55041,4.0,1.0,0.0,4.0,Y,WABASHA,1.16193,2.1400661634962700
828,5909.0,MN,55932,4.0,1.0,1.0,3.0,Y,WABASHA,1.16193,0.1823215567939550
829,5910.0,MN,55938,4.0,1.0,0.0,4.0,Y,WABASHA,1.16193,1.1631508098056800
830,5911.0,MN,55964,4.0,1.0,0.0,4.0,Y,WABASHA,1.16193,2.451005098112320
831,5912.0,MN,55981,4.0,1.0,0.0,1.0,Y,WABASHA,1.16193,2.272125885509340
832,5913.0,MN,56464,2.0,1.0,0.0,4.0,Y,WADENA,0.510671,1.0986122886681100
833,5914.0,MN,56479,2.0,1.0,1.0,3.0,Y,WADENA,0.510671,-0.22314355131421000
834,5915.0,MN,56481,2.0,1.0,1.0,3.0,N,WADENA,0.510671,1.1939224684724300
835,5916.0,MN,56482,2.0,1.0,0.0,4.0,Y,WADENA,0.510671,1.5686159179138500
836,5917.0,MN,56482,2.0,1.0,0.0,4.0,Y,WADENA,0.510671,1.5892352051165800
837,5918.0,MN,56048,4.0,1.0,0.0,4.0,Y,WASECA,1.23666,-0.6931471805599450
838,5919.0,MN,56072,4.0,1.0,0.0,4.0,Y,WASECA,1.23666,2.2407096892759600
839,5920.0,MN,56093,4.0,1.0,0.0,2.0,Y,WASECA,1.23666,0.5877866649021190
840,5921.0,MN,56093,4.0,1.0,1.0,1.0,N,WASECA,1.23666,0.0
841,5922.0,MN,55016,3.0,1.0,0.0,7.0,Y,WASHINGTON,0.862876,2.33214389523559
842,5923.0,MN,55016,3.0,1.0,0.0,1.0,Y,WASHINGTON,0.862876,2.0541237336955500
843,5924.0,MN,55016,3.0,1.0,0.0,4.0,Y,WASHINGTON,0.862876,0.8329091229351040
844,5925.0,MN,55016,3.0,1.0,0.0,4.0,Y,WASHINGTON,0.862876,1.8870696490323800
845,5926.0,MN,55016,3.0,1.0,0.0,4.0,Y,WASHINGTON,0.862876,2.5095992623783700
846,5927.0,MN,55016,3.0,1.0,0.0,7.0,Y,WASHINGTON,0.862876,1.5475625087160100
847,5928.0,MN,55016,3.0,1.0,0.0,0.0,Y,WASHINGTON,0.862876,1.840549633397490
848,5929.0,MN,55016,3.0,1.0,0.0,2.0,N,WASHINGTON,0.862876,1.8870696490323800
849,5930.0,MN,55025,3.0,1.0,0.0,2.0,Y,WASHINGTON,0.862876,1.0647107369924300
850,5931.0,MN,55025,3.0,1.0,0.0,7.0, ,WASHINGTON,0.862876,0.6931471805599450
851,5932.0,MN,55025,3.0,1.0,1.0,7.0,Y,WASHINGTON,0.862876,0.26236426446749100
852,5933.0,MN,55025,3.0,1.0,0.0,7.0,Y,WASHINGTON,0.862876,0.9162907318741550
853,5934.0,MN,55025,3.0,1.0,0.0,7.0,Y,WASHINGTON,0.862876,0.09531017980432490
854,5935.0,MN,55025,3.0,0.0,1.0,0.0, ,WASHINGTON,0.862876,0.26236426446749100
855,5936.0,MN,55038,3.0,2.0,0.0,2.0,Y,WASHINGTON,0.862876,0.5306282510621710
856,5937.0,MN,55038,3.0,1.0,0.0,2.0,Y,WASHINGTON,0.862876,-0.10536051565782600
857,5938.0,MN,55038,3.0,1.0,0.0,7.0,Y,WASHINGTON,0.862876,0.5877866649021190
858,5939.0,MN,55042,3.0,1.0,0.0,4.0,Y,WASHINGTON,0.862876,1.5686159179138500
859,5940.0,MN,55042,3.0,1.0,1.0,7.0,N,WASHINGTON,0.862876,0.5877866649021190
860,5941.0,MN,55042,3.0,1.0,0.0,4.0,Y,WASHINGTON,0.862876,1.2237754316221200
861,5942.0,MN,55042,3.0,1.0,1.0,3.0,Y,WASHINGTON,0.862876,-0.10536051565782600
862,5943.0,MN,55043,3.0,1.0,0.0,4.0,Y,WASHINGTON,0.862876,2.2925347571405400
863,5944.0,MN,55043,3.0,1.0,0.0,4.0,Y,WASHINGTON,0.862876,1.6863989535702300
864,5945.0,MN,55043,3.0,1.0,0.0,2.0,Y,WASHINGTON,0.862876,2.151762203259460
865,5946.0,MN,55047,3.0,1.0,0.0,4.0, ,WASHINGTON,0.862876,0.6931471805599450
866,5947.0,MN,55071,3.0,1.0,0.0,2.0,Y,WASHINGTON,0.862876,1.9021075263969200
867,5948.0,MN,55071,3.0,1.0,0.0,4.0,Y,WASHINGTON,0.862876,1.3609765531356000
868,5949.0,MN,55073,3.0,1.0,0.0,4.0,Y,WASHINGTON,0.862876,1.791759469228060
869,5950.0,MN,55082,3.0,0.0,0.0,0.0, ,WASHINGTON,0.862876,1.6094379124341000
870,5951.0,MN,55082,3.0,1.0,1.0,3.0,Y,WASHINGTON,0.862876,0.9555114450274360
871,5952.0,MN,55082,3.0,1.0,0.0,4.0,Y,WASHINGTON,0.862876,2.379546134130170
872,5953.0,MN,55082,3.0,1.0,0.0,4.0,Y,WASHINGTON,0.862876,0.9162907318741550
873,5954.0,MN,55082,3.0,1.0,0.0,4.0,Y,WASHINGTON,0.862876,0.7884573603642700
874,5955.0,MN,55082,3.0,1.0,0.0,4.0,Y,WASHINGTON,0.862876,1.5686159179138500
875,5956.0,MN,55082,3.0,1.0,0.0,2.0,Y,WASHINGTON,0.862876,1.3350010667323400
876,5957.0,MN,55082,3.0,1.0,0.0,2.0,Y,WASHINGTON,0.862876,2.6026896854443800
877,5958.0,MN,55082,3.0,1.0,0.0,0.0,Y,WASHINGTON,0.862876,1.0986122886681100
878,5959.0,MN,55082,3.0,1.0,0.0,4.0,Y,WASHINGTON,0.862876,1.4816045409242200
879,5960.0,MN,55082,3.0,1.0,0.0,4.0,Y,WASHINGTON,0.862876,1.3609765531356000
880,5961.0,MN,55082,3.0,1.0,0.0,3.0,Y,WASHINGTON,0.862876,0.6418538861723950
881,5962.0,MN,55115,3.0,1.0,0.0,4.0,Y,WASHINGTON,0.862876,0.47000362924573600
882,5963.0,MN,55119,3.0,1.0,0.0,2.0,Y,WASHINGTON,0.862876,0.6418538861723950
883,5964.0,MN,55119,3.0,1.0,0.0,2.0,Y,WASHINGTON,0.862876,0.336472236621213
884,5965.0,MN,55119,3.0,1.0,0.0,2.0,Y,WASHINGTON,0.862876,1.9021075263969200
885,5966.0,MN,55125,3.0,1.0,0.0,4.0,Y,WASHINGTON,0.862876,3.0204248861443600
886,5967.0,MN,55125,3.0,1.0,0.0,7.0,Y,WASHINGTON,0.862876,1.8082887711792700
887,5968.0,MN,56062,5.0,1.0,0.0,4.0,Y,WATONWAN,1.2011,2.631888840136650
888,5969.0,MN,56088,5.0,1.0,1.0,4.0,Y,WATONWAN,1.2011,2.33214389523559
889,5970.0,MN,56120,5.0,1.0,1.0,3.0,Y,WATONWAN,1.2011,1.7578579175523700
890,5971.0,MN,56520,2.0,1.0,0.0,4.0,Y,WILKIN,1.2662200000000000,2.2407096892759600
891,5972.0,MN,55925,4.0,1.0,0.0,0.0,Y,WINONA,1.58917,1.252762968495370
892,5973.0,MN,55943,4.0,1.0,0.0,4.0,Y,WINONA,1.58917,1.4350845252893200
893,5974.0,MN,55952,4.0,1.0,0.0,4.0,Y,WINONA,1.58917,2.4595888418037100
894,5975.0,MN,55969,4.0,2.0,0.0,7.0,Y,WINONA,1.58917,1.9878743481543500
895,5976.0,MN,55972,4.0,1.0,0.0,2.0,Y,WINONA,1.58917,1.5686159179138500
896,5977.0,MN,55972,4.0,1.0,1.0,1.0,Y,WINONA,1.58917,0.6418538861723950
897,5978.0,MN,55987,4.0,1.0,1.0,3.0,Y,WINONA,1.58917,-0.22314355131421000
898,5979.0,MN,55987,4.0,1.0,0.0,4.0,Y,WINONA,1.58917,1.5686159179138500
899,5980.0,MN,55987,4.0,1.0,0.0,2.0,Y,WINONA,1.58917,2.33214389523559
900,5981.0,MN,55987,4.0,1.0,0.0,2.0,Y,WINONA,1.58917,2.4336133554004500
901,5982.0,MN,55987,4.0,1.0,0.0,5.0,Y,WINONA,1.58917,2.0412203288596400
902,5983.0,MN,55987,4.0,1.0,0.0,2.0,Y,WINONA,1.58917,2.4765384001174800
903,5984.0,MN,55987,4.0,1.0,1.0,2.0,Y,WINONA,1.58917,-0.5108256237659910
904,5985.0,MN,55313,5.0,1.0,0.0,1.0,Y,WRIGHT,0.913909,1.916922612182060
905,5986.0,MN,55313,5.0,1.0,0.0,1.0,Y,WRIGHT,0.913909,1.6863989535702300
906,5987.0,MN,55313,5.0,1.0,0.0,2.0,Y,WRIGHT,0.913909,1.1631508098056800
907,5988.0,MN,55321,5.0,1.0,0.0,4.0,Y,WRIGHT,0.913909,0.7884573603642700
908,5989.0,MN,55321,5.0,1.0,0.0,2.0,Y,WRIGHT,0.913909,2.001480000210120
909,5990.0,MN,55341,5.0,1.0,0.0,2.0,Y,WRIGHT,0.913909,1.6486586255873800
910,5991.0,MN,55349,5.0,1.0,0.0,4.0,Y,WRIGHT,0.913909,0.8329091229351040
911,5992.0,MN,55358,5.0,1.0,1.0,7.0,Y,WRIGHT,0.913909,0.8754687373539000
912,5993.0,MN,55362,5.0,1.0,0.0,5.0,Y,WRIGHT,0.913909,2.772588722239780
913,5994.0,MN,55362,5.0,1.0,0.0,4.0,Y,WRIGHT,0.913909,2.2617630984737900
914,5995.0,MN,55363,5.0,1.0,0.0,4.0,Y,WRIGHT,0.913909,1.8718021769015900
915,5996.0,MN,55376,5.0,1.0,0.0,7.0,Y,WRIGHT,0.913909,1.5260563034950500
916,5997.0,MN,55376,5.0,1.0,0.0,4.0,Y,WRIGHT,0.913909,1.62924053973028
917,5998.0,MN,56297,5.0,1.0,0.0,4.0,Y,YELLOW MEDICINE,1.42659,1.3350010667323400
918,5999.0,MN,56297,5.0,1.0,0.0,4.0,Y,YELLOW MEDICINE,1.42659,1.0986122886681100